Date,Price,Open,High,Low,Vol.,Change %
2/26/25,2481.15,2496.06,2507.13,2472.58,990.21K,-0.60%
2/25/25,2496.06,2511.04,2533.18,2339.46,1.44M,-0.59%
2/24/25,2510.94,2819.69,2838.22,2493.73,959.09K,-10.95%
2/23/25,2819.69,2763.23,2837.98,2745.96,655.96K,2.04%
2/22/25,2763.23,2662.35,2795.29,2654.73,485.01K,3.79%
2/21/25,2662.35,2738.05,2841.56,2619.06,974.36K,-2.76%
2/20/25,2738.03,2716.16,2767.27,2707.50,372.95K,0.81%
2/19/25,2716.16,2671.36,2735.99,2657.15,362.40K,1.68%
2/18/25,2671.36,2743.55,2754.43,2610.47,648.95K,-2.63%
2/17/25,2743.47,2662.78,2845.96,2647.51,696.20K,3.03%
2/16/25,2662.80,2693.04,2724.22,2656.73,207.06K,-1.14%
2/15/25,2693.40,2725.51,2738.17,2675.51,216.63K,-1.18%
2/14/25,2725.51,2675.33,2789.23,2665.51,466.76K,1.88%
2/13/25,2675.30,2737.86,2756.21,2617.39,496.62K,-2.22%
2/12/25,2735.91,2603.11,2789.88,2553.50,689.45K,5.10%
2/11/25,2603.11,2661.00,2724.50,2579.93,521.35K,-2.18%
2/10/25,2661.00,2628.27,2691.62,2563.27,425.46K,1.24%
2/9/25,2628.27,2631.61,2681.93,2534.86,423.07K,-0.12%
2/8/25,2631.56,2622.81,2666.86,2590.08,403.82K,0.33%
2/7/25,2622.81,2688.28,2797.10,2564.79,745.29K,-2.44%
2/6/25,2688.28,2785.69,2854.27,2666.71,772.85K,-3.49%
2/5/25,2785.62,2731.76,2822.55,2702.34,731.42K,1.97%
2/4/25,2731.76,2881.91,2884.91,2636.03,1.33M,-5.21%
2/3/25,2881.90,2869.72,2904.34,2261.27,3.00M,0.42%
2/2/25,2869.75,3116.44,3163.03,2788.75,1.17M,-8.00%
2/1/25,3119.13,3298.69,3331.28,3102.98,377.66K,-5.44%
1/31/25,3298.69,3247.22,3434.27,3214.07,700.31K,1.59%
1/30/25,3247.22,3113.26,3281.91,3093.23,386.53K,4.30%
1/29/25,3113.26,3077.78,3171.08,3055.53,449.52K,1.15%
1/28/25,3077.83,3182.86,3222.96,3041.05,386.37K,-3.20%
1/27/25,3179.47,3234.11,3253.00,3030.68,819.62K,-1.69%
1/26/25,3234.18,3318.14,3359.15,3234.07,288.83K,-2.53%
1/25/25,3318.14,3311.05,3350.22,3272.14,225.91K,0.21%
1/24/25,3311.05,3338.42,3423.71,3276.30,497.87K,-0.82%
1/23/25,3338.37,3242.60,3344.36,3189.50,672.00K,2.95%
1/22/25,3242.60,3327.55,3365.53,3223.17,373.50K,-2.57%
1/21/25,3328.30,3282.74,3364.90,3204.77,597.36K,1.39%
1/20/25,3282.68,3216.67,3449.78,3150.35,1.26M,2.05%
1/19/25,3216.74,3308.73,3445.65,3133.37,1.44M,-2.78%
1/18/25,3308.74,3472.84,3493.38,3233.53,677.72K,-4.73%
1/17/25,3472.84,3307.10,3524.96,3307.10,574.06K,5.01%
1/16/25,3307.00,3450.79,3459.88,3267.48,536.74K,-4.17%
1/15/25,3450.79,3224.16,3469.81,3187.66,527.11K,7.03%
1/14/25,3224.06,3137.77,3254.32,3127.34,413.87K,2.75%
1/13/25,3137.73,3267.52,3337.90,2943.61,952.50K,-3.97%
1/12/25,3267.30,3282.89,3299.65,3225.06,187.61K,-0.50%
1/11/25,3283.57,3267.08,3319.41,3219.02,170.84K,0.50%
1/10/25,3267.08,3218.15,3320.94,3197.86,500.73K,1.52%
1/9/25,3218.15,3327.14,3356.69,3160.67,543.60K,-3.28%
1/8/25,3327.14,3380.50,3414.89,3218.35,638.46K,-1.58%
1/7/25,3380.56,3687.71,3700.71,3358.95,589.56K,-8.33%
1/6/25,3687.75,3635.11,3742.07,3611.01,364.63K,1.45%
1/5/25,3635.11,3656.94,3672.41,3596.63,170.02K,-0.57%
1/4/25,3656.13,3608.79,3669.62,3574.98,249.81K,1.31%
1/3/25,3608.79,3455.21,3626.10,3424.79,367.78K,4.45%
1/2/25,3455.19,3360.14,3494.60,3355.49,362.32K,2.83%
1/1/25,3360.14,3337.80,3373.11,3315.98,209.22K,0.67%
12/31/24,3337.80,3361.99,3449.27,3317.39,333.44K,-0.72%
12/30/24,3361.99,3355.97,3436.83,3306.11,494.99K,0.18%
12/29/24,3355.97,3404.53,3412.32,3327.45,176.43K,-1.43%
12/28/24,3404.59,3334.23,3427.65,3322.42,196.38K,2.11%
12/27/24,3334.19,3335.96,3438.85,3309.03,378.00K,-0.05%
12/26/24,3335.96,3496.50,3512.77,3305.53,360.40K,-4.59%
12/25/24,3496.49,3493.33,3546.29,3442.61,259.25K,0.09%
12/24/24,3493.31,3422.01,3539.54,3359.77,352.36K,2.08%
12/23/24,3422.01,3281.58,3463.58,3220.10,547.74K,4.28%
12/22/24,3281.58,3338.72,3401.96,3223.39,400.57K,-1.71%
12/21/24,3338.66,3474.05,3555.05,3294.00,521.99K,-3.90%
12/20/24,3474.01,3418.83,3496.35,3103.72,1.45M,1.61%
12/19/24,3418.84,3627.82,3719.52,3337.46,1.17M,-5.76%
12/18/24,3627.88,3892.79,3902.30,3620.61,781.62K,-6.81%
12/17/24,3892.79,3986.91,4040.69,3851.17,493.60K,-2.36%
12/16/24,3986.91,3959.89,4102.90,3885.84,726.41K,0.68%
12/15/24,3959.81,3871.13,3973.48,3832.12,272.40K,2.29%
12/14/24,3871.13,3906.78,3943.06,3828.23,287.75K,-0.98%
12/13/24,3909.48,3881.57,3966.50,3853.92,417.74K,0.72%
12/12/24,3881.63,3831.70,3985.32,3797.58,634.18K,1.31%
12/11/24,3831.41,3628.97,3848.02,3564.79,509.73K,5.58%
12/10/24,3628.94,3718.98,3778.81,3521.57,1.02M,-2.42%
12/9/24,3718.98,4002.91,4005.08,3550.21,1.02M,-7.09%
12/8/24,4002.91,3996.25,4015.24,3924.77,273.27K,0.17%
12/7/24,3996.24,3998.92,4023.96,3969.39,303.07K,-0.08%
12/6/24,3999.51,3785.07,4084.99,3780.34,864.64K,5.66%
12/5/24,3785.10,3836.23,3950.67,3696.83,1.05M,-1.33%
12/4/24,3836.25,3615.07,3885.69,3615.07,1.06M,6.12%
12/3/24,3615.07,3643.50,3669.40,3510.19,729.65K,-0.78%
12/2/24,3643.48,3707.86,3756.70,3561.95,799.75K,-1.75%
12/1/24,3708.33,3702.96,3743.78,3660.98,465.31K,0.14%
11/30/24,3702.97,3592.13,3733.47,3572.64,563.91K,3.09%
11/29/24,3592.13,3578.42,3642.95,3539.02,472.94K,0.38%
11/28/24,3578.41,3653.26,3661.40,3530.79,613.22K,-2.06%
11/27/24,3653.79,3326.30,3684.68,3303.79,827.39K,9.85%
11/26/24,3326.30,3412.15,3460.40,3254.45,729.51K,-2.52%
11/25/24,3412.18,3361.47,3544.71,3301.68,1.02M,1.51%
11/24/24,3361.41,3393.92,3448.58,3285.45,525.45K,-0.96%
11/23/24,3393.91,3327.68,3495.09,3316.84,785.63K,1.99%
11/22/24,3327.77,3356.42,3424.47,3261.04,661.77K,-0.85%
11/21/24,3356.43,3069.96,3386.41,3034.44,1.06M,9.34%
11/20/24,3069.72,3106.07,3158.15,3030.91,550.53K,-1.17%
11/19/24,3105.97,3207.54,3219.80,3066.26,549.16K,-3.16%
11/18/24,3207.46,3075.42,3220.65,3052.29,698.67K,4.29%
11/17/24,3075.42,3132.04,3160.10,3037.49,485.17K,-1.81%
11/16/24,3132.00,3089.44,3215.90,3072.83,456.29K,1.38%
11/15/24,3089.45,3058.15,3128.59,3015.75,557.27K,1.02%
11/14/24,3058.22,3187.02,3238.39,3038.03,661.29K,-4.04%
11/13/24,3187.02,3244.57,3326.89,3117.79,988.07K,-1.71%
11/12/24,3242.44,3372.15,3440.05,3209.16,1.04M,-3.85%
11/11/24,3372.13,3185.97,3384.62,3107.45,1.06M,5.84%
11/10/24,3186.05,3126.25,3247.49,3076.40,925.65K,1.87%
11/9/24,3127.69,2961.62,3153.38,2954.56,560.62K,5.62%
11/8/24,2961.34,2894.20,2981.51,2887.19,598.52K,2.32%
11/7/24,2894.13,2721.85,2914.81,2700.01,784.35K,6.33%
11/6/24,2721.85,2422.50,2740.34,2422.03,1.07M,12.36%
11/5/24,2422.50,2398.95,2478.74,2380.80,365.02K,0.98%
11/4/24,2398.95,2457.68,2490.21,2362.91,335.81K,-2.39%
11/3/24,2457.68,2492.54,2496.33,2411.72,305.38K,-1.39%
11/2/24,2492.45,2511.96,2523.41,2472.02,158.36K,-0.78%
11/1/24,2511.96,2519.14,2584.17,2471.45,463.34K,-0.28%
10/31/24,2519.14,2658.62,2668.39,2506.64,432.07K,-5.25%
10/30/24,2658.62,2638.64,2719.90,2600.61,494.31K,0.76%
10/29/24,2638.64,2567.41,2679.50,2561.32,486.72K,2.77%
10/28/24,2567.41,2507.82,2587.71,2473.03,393.16K,2.39%
10/27/24,2507.39,2482.52,2525.37,2465.72,148.63K,1.00%
10/26/24,2482.52,2441.20,2506.39,2430.77,265.53K,1.69%
10/25/24,2441.18,2535.87,2564.13,2386.98,550.79K,-3.73%
10/24/24,2535.87,2524.64,2561.75,2508.98,312.65K,0.39%
10/23/24,2526.10,2622.91,2625.51,2463.67,385.15K,-3.65%
10/22/24,2621.79,2666.66,2671.28,2607.54,293.69K,-1.68%
10/21/24,2666.66,2747.28,2766.10,2656.65,336.97K,-2.93%
10/20/24,2747.28,2647.42,2757.52,2635.82,280.67K,3.77%
10/19/24,2647.39,2641.72,2662.63,2631.27,113.68K,0.21%
10/18/24,2641.72,2605.53,2675.17,2596.72,315.00K,1.39%
10/17/24,2605.53,2611.09,2646.96,2578.23,242.98K,-0.21%
10/16/24,2611.09,2607.79,2645.42,2589.72,280.52K,0.12%
10/15/24,2607.84,2630.54,2682.02,2540.15,442.58K,-0.86%
10/14/24,2630.54,2468.94,2651.52,2444.63,474.24K,6.55%
10/13/24,2468.92,2476.46,2484.13,2437.44,130.46K,-0.31%
10/12/24,2476.48,2436.77,2489.53,2434.39,150.00K,1.63%
10/11/24,2436.73,2385.40,2470.65,2382.22,254.87K,2.15%
10/10/24,2385.40,2370.10,2417.90,2353.08,288.05K,0.64%
10/9/24,2370.13,2440.91,2472.03,2355.24,268.06K,-2.90%
10/8/24,2440.93,2422.73,2461.96,2403.20,221.59K,0.75%
10/7/24,2422.75,2440.33,2520.05,2407.05,324.83K,-0.72%
10/6/24,2440.33,2414.98,2455.95,2407.13,120.24K,1.05%
10/5/24,2414.98,2414.44,2427.34,2390.08,114.50K,0.02%
10/4/24,2414.43,2349.67,2440.74,2339.97,263.74K,2.76%
10/3/24,2349.67,2365.53,2402.68,2311.68,344.36K,-0.67%
10/2/24,2365.57,2449.65,2498.70,2355.21,343.59K,-3.43%
10/1/24,2449.67,2602.30,2656.71,2422.11,535.54K,-5.91%
9/30/24,2603.48,2657.67,2661.71,2579.32,308.41K,-2.04%
9/29/24,2657.67,2675.71,2683.73,2634.69,171.03K,-0.67%
9/28/24,2675.71,2694.53,2703.83,2651.38,145.42K,-0.70%
9/27/24,2694.53,2632.05,2726.69,2616.01,304.78K,2.37%
9/26/24,2632.05,2580.29,2664.95,2560.48,311.52K,2.00%
9/25/24,2580.34,2652.47,2672.17,2557.82,244.76K,-2.72%
9/24/24,2652.50,2647.65,2669.32,2593.31,330.16K,0.18%
9/23/24,2647.65,2581.06,2701.60,2544.68,369.37K,2.53%
9/22/24,2582.35,2613.25,2631.37,2527.75,233.74K,-1.19%
9/21/24,2613.35,2561.29,2619.81,2530.28,184.26K,2.01%
9/20/24,2561.79,2464.52,2570.58,2438.98,411.52K,3.95%
9/19/24,2464.49,2374.95,2491.54,2373.22,383.18K,3.89%
9/18/24,2372.18,2341.83,2372.54,2278.97,346.21K,1.30%
9/17/24,2341.82,2295.72,2392.33,2264.52,324.97K,2.01%
9/16/24,2295.72,2317.04,2334.45,2254.52,385.30K,-0.92%
9/15/24,2317.04,2417.56,2428.91,2294.55,211.27K,-4.16%
9/14/24,2417.56,2439.29,2440.40,2384.99,154.06K,-0.92%
9/13/24,2440.12,2361.79,2459.47,2337.76,302.56K,3.32%
9/12/24,2361.79,2340.33,2387.25,2316.39,249.29K,0.92%
9/11/24,2340.19,2387.98,2388.40,2279.00,333.29K,-1.99%
9/10/24,2387.71,2359.55,2397.10,2323.91,263.70K,1.19%
9/9/24,2359.60,2296.24,2377.64,2274.51,375.74K,2.76%
9/8/24,2296.19,2273.70,2331.99,2243.34,233.21K,0.94%
9/7/24,2274.87,2225.69,2310.57,2222.93,259.55K,2.21%
9/6/24,2225.72,2368.86,2407.07,2151.80,723.22K,-6.06%
9/5/24,2369.18,2450.74,2465.66,2351.72,316.78K,-3.31%
9/4/24,2450.18,2423.41,2488.86,2317.85,422.18K,1.11%
9/3/24,2423.40,2538.35,2551.94,2419.89,250.97K,-4.53%
9/2/24,2538.35,2427.35,2560.67,2425.66,299.34K,4.57%
9/1/24,2427.49,2513.06,2515.77,2403.61,250.52K,-3.42%
8/31/24,2513.56,2525.47,2532.93,2493.84,115.17K,-0.47%
8/30/24,2525.45,2528.49,2540.79,2436.95,378.49K,-0.13%
8/29/24,2528.72,2527.78,2594.63,2509.17,270.41K,0.04%
8/28/24,2527.73,2457.92,2553.02,2421.79,515.14K,2.84%
8/27/24,2457.99,2680.18,2699.73,2396.02,477.20K,-8.29%
8/26/24,2680.30,2746.10,2761.69,2668.63,250.08K,-2.46%
8/25/24,2747.99,2768.90,2792.11,2734.78,175.38K,-0.74%
8/24/24,2768.49,2763.04,2818.05,2735.78,296.76K,0.20%
8/23/24,2762.86,2623.06,2794.82,2622.15,456.21K,5.33%
8/22/24,2623.06,2630.67,2644.06,2587.15,237.74K,-0.29%
8/21/24,2630.67,2572.74,2659.21,2541.32,303.58K,2.25%
8/20/24,2572.90,2637.10,2692.61,2557.87,342.51K,-2.43%
8/19/24,2637.10,2612.10,2647.65,2565.17,252.46K,0.96%
8/18/24,2612.10,2614.35,2682.09,2596.76,197.89K,-0.09%
8/17/24,2614.35,2592.38,2626.62,2588.44,104.83K,0.85%
8/16/24,2592.38,2569.90,2627.47,2552.92,305.13K,0.89%
8/15/24,2569.44,2662.95,2675.13,2525.00,387.82K,-3.51%
8/14/24,2662.95,2702.44,2761.71,2636.00,365.55K,-1.48%
8/13/24,2702.95,2722.66,2737.55,2612.80,351.28K,-0.72%
8/12/24,2722.64,2553.57,2747.46,2518.31,516.79K,6.62%
8/11/24,2553.57,2609.91,2713.68,2545.99,319.79K,-2.17%
8/10/24,2610.24,2598.79,2640.46,2579.59,186.39K,0.44%
8/9/24,2598.90,2682.25,2703.80,2556.98,443.65K,-3.16%
8/8/24,2683.84,2342.81,2716.50,2322.98,626.93K,14.80%
8/7/24,2337.83,2461.84,2550.36,2311.79,671.86K,-5.04%
8/6/24,2461.92,2415.98,2548.23,2415.98,691.59K,1.90%
8/5/24,2415.99,2688.59,2696.91,2166.31,2.81M,-10.14%
8/4/24,2688.55,2904.59,2931.40,2639.79,543.64K,-7.44%
8/3/24,2904.59,2990.32,3017.57,2863.44,371.14K,-2.87%
8/2/24,2990.32,3203.37,3217.36,2967.43,415.57K,-6.70%
8/1/24,3204.93,3231.81,3242.07,3082.01,350.33K,-0.83%
7/31/24,3231.84,3278.94,3348.63,3216.48,255.01K,-1.44%
7/30/24,3278.94,3318.24,3366.02,3237.67,210.28K,-1.18%
7/29/24,3318.24,3270.32,3396.70,3260.86,340.45K,1.47%
7/28/24,3270.32,3248.83,3282.54,3201.64,113.09K,0.72%
7/27/24,3247.06,3275.12,3326.91,3199.80,247.90K,-0.86%
7/26/24,3275.12,3175.52,3285.72,3173.08,281.13K,3.14%
7/25/24,3175.52,3335.33,3342.15,3089.07,524.98K,-4.79%
7/24/24,3335.33,3482.54,3487.04,3311.80,292.51K,-4.23%
7/23/24,3482.54,3440.01,3537.89,3396.70,521.07K,1.24%
7/22/24,3440.01,3535.55,3559.66,3424.86,219.41K,-2.70%
7/21/24,3535.55,3517.04,3544.71,3415.57,230.63K,0.53%
7/20/24,3517.04,3504.42,3538.32,3480.08,157.77K,0.36%
7/19/24,3504.42,3425.95,3539.42,3377.94,317.73K,2.29%
7/18/24,3425.94,3387.83,3489.43,3374.48,256.50K,1.13%
7/17/24,3387.81,3443.02,3514.65,3378.55,312.39K,-1.60%
7/16/24,3442.99,3483.50,3494.60,3347.85,392.52K,-1.20%
7/15/24,3484.78,3243.50,3490.89,3233.77,329.57K,7.44%
7/14/24,3243.50,3175.10,3265.80,3165.38,171.44K,2.15%
7/13/24,3175.10,3134.15,3200.12,3113.52,125.08K,1.33%
7/12/24,3133.33,3099.82,3157.43,3048.61,195.63K,1.08%
7/11/24,3099.82,3101.17,3214.07,3057.55,299.18K,-0.04%
7/10/24,3101.17,3065.11,3149.76,3026.42,281.44K,1.18%
7/9/24,3065.11,3019.64,3108.63,3004.62,292.94K,1.51%
7/8/24,3019.64,2930.48,3084.20,2826.32,517.87K,3.04%
7/7/24,2930.48,3068.79,3072.32,2923.63,194.87K,-4.51%
7/6/24,3068.79,2981.40,3080.16,2955.65,225.18K,2.93%
7/5/24,2981.40,3057.85,3108.66,2822.44,940.65K,-2.50%
7/4/24,3057.81,3295.13,3313.23,3052.15,510.41K,-7.20%
7/3/24,3295.13,3421.71,3432.12,3256.31,356.89K,-3.70%
7/2/24,3421.71,3442.66,3463.90,3402.98,149.31K,-0.61%
7/1/24,3442.67,3437.84,3522.00,3426.69,241.71K,0.14%
6/30/24,3437.84,3378.60,3459.12,3356.74,150.94K,1.75%
6/29/24,3378.60,3380.17,3408.32,3374.78,95.20K,-0.05%
6/28/24,3380.15,3450.45,3487.12,3369.65,238.05K,-2.04%
6/27/24,3450.45,3370.79,3472.72,3364.08,217.37K,2.37%
6/26/24,3370.72,3395.03,3424.75,3328.42,250.14K,-0.72%
6/25/24,3395.03,3352.26,3424.88,3337.14,275.47K,1.28%
6/24/24,3352.29,3420.83,3433.89,3245.76,601.35K,-2.00%
6/23/24,3420.84,3495.96,3520.35,3410.03,191.03K,-2.15%
6/22/24,3495.87,3518.03,3520.80,3476.08,158.47K,-0.63%
6/21/24,3518.03,3512.95,3543.69,3447.50,392.71K,0.15%
6/20/24,3512.91,3561.24,3624.46,3486.58,371.29K,-1.36%
6/19/24,3561.30,3484.57,3585.80,3466.82,346.10K,2.20%
6/18/24,3484.55,3511.52,3515.87,3373.14,480.08K,-0.77%
6/17/24,3511.52,3625.11,3636.99,3470.65,356.79K,-3.13%
6/16/24,3625.11,3568.74,3650.11,3541.46,156.55K,1.58%
6/15/24,3568.72,3481.75,3592.84,3474.26,256.22K,2.50%
6/14/24,3481.84,3470.16,3530.94,3368.09,339.90K,0.34%
6/13/24,3470.15,3559.95,3561.15,3433.13,316.98K,-2.52%
6/12/24,3559.95,3497.99,3652.79,3464.17,418.36K,1.77%
6/11/24,3498.00,3667.85,3672.92,3433.20,477.11K,-4.63%
6/10/24,3667.85,3706.32,3711.90,3650.33,165.29K,-1.04%
6/9/24,3706.32,3681.59,3719.02,3668.45,108.79K,0.67%
6/8/24,3681.59,3678.36,3709.44,3670.34,147.95K,0.09%
6/7/24,3678.37,3812.95,3840.88,3608.44,384.78K,-3.53%
6/6/24,3812.95,3865.15,3878.28,3765.23,251.82K,-1.35%
6/5/24,3865.14,3810.35,3885.15,3778.13,288.18K,1.44%
6/4/24,3810.35,3767.10,3831.41,3743.11,247.96K,1.15%
6/3/24,3767.10,3782.06,3849.47,3759.07,262.39K,-0.40%
6/2/24,3782.08,3815.95,3838.34,3753.62,219.62K,-0.89%
6/1/24,3815.95,3762.63,3832.35,3753.32,143.81K,1.42%
5/31/24,3762.66,3747.89,3844.96,3724.57,294.56K,0.40%
5/30/24,3747.55,3767.22,3824.94,3703.74,293.81K,-0.58%
5/29/24,3769.57,3845.56,3886.44,3745.72,353.25K,-1.98%
5/28/24,3845.56,3894.33,3929.21,3775.08,436.24K,-1.25%
5/27/24,3894.33,3825.99,3976.00,3824.33,393.85K,1.79%
5/26/24,3826.02,3749.28,3881.62,3733.77,313.07K,2.05%
5/25/24,3749.28,3728.32,3776.75,3709.70,170.39K,0.57%
5/24/24,3728.21,3785.61,3829.13,3635.18,514.00K,-1.52%
5/23/24,3785.65,3739.07,3941.42,3645.49,1.19M,1.25%
5/22/24,3739.08,3790.42,3810.50,3654.54,597.46K,-1.36%
5/21/24,3790.46,3661.04,3833.07,3630.71,1.01M,3.53%
5/20/24,3661.07,3072.07,3679.47,3048.33,899.51K,19.17%
5/19/24,3072.08,3122.87,3135.99,3058.31,170.99K,-1.63%
5/18/24,3122.87,3092.09,3145.59,3084.73,205.74K,0.97%
5/17/24,3092.75,2944.99,3116.65,2933.39,369.55K,5.02%
5/16/24,2944.99,3032.64,3040.62,2924.20,306.25K,-2.96%
5/15/24,3034.71,2881.99,3041.11,2864.50,363.90K,5.30%
5/14/24,2881.99,2951.01,2958.94,2866.00,279.49K,-2.34%
5/13/24,2951.01,2929.36,2993.23,2865.08,381.30K,0.74%
5/12/24,2929.35,2912.56,2953.92,2903.16,111.77K,0.58%
5/11/24,2912.56,2909.86,2943.58,2889.62,144.62K,0.09%
5/10/24,2909.86,3036.32,3052.94,2882.82,355.90K,-4.16%
5/9/24,3036.32,2974.92,3057.07,2953.21,248.78K,2.06%
5/8/24,2974.94,3006.32,3036.79,2941.71,283.76K,-1.04%
5/7/24,3006.36,3062.03,3128.32,3004.04,315.01K,-1.82%
5/6/24,3062.03,3136.40,3220.04,3048.65,377.37K,-2.37%
5/5/24,3136.40,3117.14,3170.63,3074.55,229.16K,0.62%
5/4/24,3117.23,3102.25,3146.74,3095.58,205.59K,0.48%
5/3/24,3102.25,2987.11,3125.81,2958.98,381.95K,3.85%
5/2/24,2987.12,2973.30,3014.55,2897.11,387.64K,0.47%
5/1/24,2973.27,3014.38,3023.06,2819.19,672.37K,-1.36%
4/30/24,3014.41,3216.85,3250.44,2927.77,591.88K,-6.28%
4/29/24,3216.29,3261.72,3286.75,3119.56,438.13K,-1.39%
4/28/24,3261.69,3255.57,3347.45,3250.66,318.13K,0.19%
4/27/24,3255.57,3131.42,3282.99,3073.79,334.66K,3.98%
4/26/24,3130.90,3155.83,3165.94,3104.77,263.09K,-0.79%
4/25/24,3155.83,3141.03,3189.11,3078.65,369.13K,0.47%
4/24/24,3141.03,3220.11,3292.31,3111.91,409.83K,-2.46%
4/23/24,3220.13,3200.28,3262.50,3153.81,265.42K,0.61%
4/22/24,3200.62,3147.84,3233.84,3130.24,306.74K,1.68%
4/21/24,3147.83,3156.62,3195.43,3116.85,234.07K,-0.28%
4/20/24,3156.63,3056.51,3168.90,3020.82,256.05K,3.29%
4/19/24,3056.23,3064.49,3122.51,2871.82,645.65K,-0.27%
4/18/24,3064.48,2985.82,3089.53,2955.31,423.99K,2.63%
4/17/24,2985.82,3083.42,3123.68,2917.59,524.88K,-3.17%
4/16/24,3083.43,3100.98,3125.19,2998.17,560.47K,-0.56%
4/15/24,3100.94,3152.65,3273.03,3030.76,654.92K,-1.64%
4/14/24,3152.65,3005.96,3168.52,2913.83,799.68K,4.93%
4/13/24,3004.44,3237.16,3296.69,2863.89,1.06M,-7.27%
4/12/24,3239.86,3502.55,3551.22,3150.92,739.63K,-7.50%
4/11/24,3502.55,3545.16,3615.24,3479.15,349.38K,-1.20%
4/10/24,3545.16,3506.95,3560.13,3419.12,404.41K,1.09%
4/9/24,3506.96,3694.92,3723.75,3459.79,482.49K,-5.09%
4/8/24,3694.93,3454.17,3727.87,3409.58,538.85K,6.97%
4/7/24,3454.17,3351.99,3459.43,3344.89,217.80K,3.05%
4/6/24,3352.03,3317.84,3394.80,3307.23,190.08K,1.03%
4/5/24,3317.84,3327.45,3344.17,3212.89,359.70K,-0.29%
4/4/24,3327.45,3310.82,3435.57,3254.31,371.23K,0.51%
4/3/24,3310.62,3278.01,3366.75,3203.21,426.57K,1.00%
4/2/24,3277.99,3502.84,3505.39,3216.48,647.13K,-6.42%
4/1/24,3502.82,3647.08,3647.08,3421.96,422.72K,-3.96%
3/31/24,3647.09,3506.82,3652.97,3505.17,252.38K,4.00%
3/30/24,3506.83,3509.76,3564.04,3487.64,224.95K,-0.08%
3/29/24,3509.76,3559.43,3583.18,3475.04,334.49K,-1.40%
3/28/24,3559.43,3500.43,3609.66,3470.62,416.69K,1.69%
3/27/24,3500.43,3587.48,3661.91,3462.44,460.87K,-2.43%
3/26/24,3587.50,3590.62,3677.24,3544.55,520.43K,-0.09%
3/25/24,3590.62,3455.35,3651.30,3421.09,584.66K,3.92%
3/24/24,3455.33,3332.87,3469.66,3300.74,270.03K,3.67%
3/23/24,3332.90,3334.19,3430.04,3275.78,334.86K,-0.04%
3/22/24,3334.12,3492.89,3541.65,3254.56,589.84K,-4.55%
3/21/24,3493.23,3514.73,3583.02,3413.60,638.79K,-0.61%
3/20/24,3514.73,3165.07,3531.37,3063.60,1.26M,11.04%
3/19/24,3165.20,3520.32,3546.23,3151.42,1.11M,-10.09%
3/18/24,3520.30,3644.77,3644.77,3454.94,588.48K,-3.42%
3/17/24,3644.78,3523.66,3678.07,3421.42,549.29K,3.44%
3/16/24,3523.68,3741.16,3778.60,3476.82,567.02K,-5.81%
3/15/24,3741.12,3881.70,3931.33,3591.51,981.71K,-3.68%
3/14/24,3883.94,4004.30,4009.92,3729.51,672.52K,-3.01%
3/13/24,4004.29,3979.30,4078.48,3935.60,503.46K,0.63%
3/12/24,3979.30,4065.15,4091.28,3843.45,685.77K,-2.11%
3/11/24,4065.02,3878.47,4081.72,3756.39,767.30K,4.81%
3/10/24,3878.47,3905.17,3961.94,3793.64,372.52K,-0.68%
3/9/24,3905.17,3883.20,3941.34,3872.96,265.43K,0.57%
3/8/24,3883.20,3868.75,3991.89,3825.16,686.06K,0.35%
3/7/24,3869.69,3814.56,3932.77,3736.33,568.32K,1.45%
3/6/24,3814.56,3555.94,3899.99,3503.51,1.02M,7.27%
3/5/24,3556.03,3626.39,3819.79,3237.28,1.48M,-1.94%
3/4/24,3626.34,3488.67,3638.10,3445.47,769.53K,3.95%
3/3/24,3488.67,3420.64,3491.53,3364.44,363.55K,1.99%
3/2/24,3420.64,3433.51,3459.96,3395.03,296.91K,-0.37%
3/1/24,3433.51,3339.25,3449.56,3339.24,431.98K,2.82%
2/29/24,3339.26,3382.98,3520.80,3300.42,802.17K,-1.29%
2/28/24,3383.03,3242.44,3482.48,3183.92,1.01M,4.35%
2/27/24,3242.14,3175.94,3285.01,3165.91,674.56K,2.08%
2/26/24,3175.94,3112.59,3193.67,3038.00,582.39K,2.04%
2/25/24,3112.59,2992.29,3117.59,2984.29,450.78K,4.02%
2/24/24,2992.29,2922.24,3005.95,2907.23,251.89K,2.40%
2/23/24,2922.24,2972.47,2992.80,2906.43,441.33K,-1.69%
2/22/24,2972.46,2971.18,3031.76,2907.22,595.92K,0.04%
2/21/24,2971.18,3015.38,3016.76,2871.88,620.51K,-1.47%
2/20/24,3015.38,2944.79,3030.61,2879.82,674.55K,2.40%
2/19/24,2944.80,2880.16,2983.48,2859.82,478.68K,2.25%
2/18/24,2880.10,2785.90,2892.79,2765.97,391.11K,3.38%
2/17/24,2785.90,2801.80,2804.17,2721.21,251.97K,-0.57%
2/16/24,2801.80,2822.59,2856.76,2759.52,401.19K,-0.74%
2/15/24,2822.59,2775.12,2864.41,2760.98,520.70K,1.71%
2/14/24,2775.12,2640.12,2785.51,2619.77,491.97K,5.11%
2/13/24,2640.10,2657.91,2686.14,2597.15,530.99K,-0.67%
2/12/24,2657.87,2506.69,2663.57,2473.54,477.42K,6.03%
2/11/24,2506.69,2500.28,2537.85,2493.83,230.91K,0.26%
2/10/24,2500.28,2486.24,2515.95,2472.92,194.43K,0.56%
2/9/24,2486.24,2419.56,2522.96,2419.16,540.92K,2.76%
2/8/24,2419.56,2424.66,2461.00,2412.01,350.33K,-0.21%
2/7/24,2424.64,2372.65,2443.71,2354.46,355.40K,2.19%
2/6/24,2372.65,2301.83,2390.53,2299.24,381.23K,3.08%
2/5/24,2301.83,2289.78,2336.63,2271.28,244.98K,0.53%
2/4/24,2289.78,2296.50,2310.34,2272.02,180.39K,-0.29%
2/3/24,2296.50,2309.28,2329.50,2293.10,137.80K,-0.55%
2/2/24,2309.28,2304.28,2324.57,2282.87,246.89K,0.22%
2/1/24,2304.28,2283.14,2311.31,2240.79,323.61K,0.93%
1/31/24,2283.14,2343.11,2350.80,2266.80,408.79K,-2.56%
1/30/24,2343.11,2317.79,2389.23,2298.85,387.12K,1.09%
1/29/24,2317.79,2256.92,2320.97,2237.69,318.84K,2.70%
1/28/24,2256.92,2267.91,2306.43,2240.14,216.93K,-0.48%
1/27/24,2267.91,2267.56,2282.16,2252.31,151.26K,0.02%
1/26/24,2267.55,2217.71,2280.83,2195.88,377.79K,2.25%
1/25/24,2217.71,2234.64,2242.85,2173.82,344.11K,-0.76%
1/24/24,2234.64,2243.72,2264.66,2198.89,373.25K,-0.41%
1/23/24,2243.74,2313.65,2351.18,2169.54,750.52K,-3.02%
1/22/24,2313.64,2457.06,2465.97,2304.06,560.84K,-5.84%
1/21/24,2457.06,2472.04,2481.63,2453.48,126.52K,-0.61%
1/20/24,2472.03,2491.81,2491.81,2455.07,143.98K,-0.79%
1/19/24,2491.81,2469.77,2504.09,2418.61,443.42K,0.89%
1/18/24,2469.77,2531.26,2548.79,2430.97,467.22K,-2.43%
1/17/24,2531.26,2588.63,2592.88,2510.00,380.90K,-2.22%
1/16/24,2588.64,2511.95,2613.71,2501.00,395.07K,3.05%
1/15/24,2511.94,2473.96,2553.24,2472.69,332.15K,1.54%
1/14/24,2473.96,2578.36,2578.37,2470.21,316.45K,-4.05%
1/13/24,2578.36,2523.99,2589.98,2498.48,436.91K,2.15%
1/12/24,2523.98,2618.08,2712.88,2462.93,931.96K,-3.59%
1/11/24,2618.08,2581.90,2688.26,2567.55,889.36K,1.41%
1/10/24,2581.79,2344.29,2629.68,2342.21,1.12M,10.11%
1/9/24,2344.67,2330.99,2369.60,2229.25,588.19K,0.59%
1/8/24,2330.98,2221.40,2357.14,2167.42,565.23K,4.93%
1/7/24,2221.40,2240.49,2254.70,2209.46,216.41K,-0.85%
1/6/24,2240.49,2268.14,2269.65,2217.05,202.82K,-1.22%
1/5/24,2268.12,2267.29,2275.25,2207.40,426.01K,0.04%
1/4/24,2267.27,2209.49,2293.17,2202.99,467.01K,2.62%
1/3/24,2209.49,2355.28,2383.92,2122.78,852.01K,-6.19%
1/2/24,2355.27,2352.06,2430.53,2347.62,491.56K,0.14%
1/1/24,2352.03,2281.89,2352.03,2266.75,229.28K,3.07%
12/31/23,2281.90,2291.70,2320.91,2264.67,232.62K,-0.43%
12/30/23,2291.70,2299.24,2322.76,2269.23,219.92K,-0.33%
12/29/23,2299.24,2344.48,2385.26,2265.63,475.37K,-1.93%
12/28/23,2344.47,2378.63,2443.59,2338.46,626.91K,-1.44%
12/27/23,2378.63,2230.76,2391.53,2213.78,577.27K,6.63%
12/26/23,2230.74,2271.38,2274.71,2184.60,429.50K,-1.79%
12/25/23,2271.38,2263.57,2303.28,2253.25,298.17K,0.35%
12/24/23,2263.57,2308.60,2325.08,2247.73,319.33K,-1.95%
12/23/23,2308.61,2324.24,2330.07,2267.39,266.30K,-0.67%
12/22/23,2324.23,2239.62,2341.52,2232.83,620.73K,3.78%
12/21/23,2239.62,2202.19,2277.72,2183.35,471.46K,1.70%
12/20/23,2202.19,2177.45,2263.30,2161.76,440.35K,1.14%
12/19/23,2177.44,2218.82,2254.75,2137.80,400.94K,-1.86%
12/18/23,2218.80,2197.01,2223.30,2123.06,388.26K,0.99%
12/17/23,2197.04,2229.07,2247.84,2196.06,233.48K,-1.44%
12/16/23,2229.07,2220.41,2262.68,2212.80,206.79K,0.39%
12/15/23,2220.41,2315.40,2317.42,2213.18,349.63K,-4.11%
12/14/23,2315.64,2260.18,2331.63,2237.39,461.60K,2.45%
12/13/23,2260.18,2203.49,2283.84,2148.87,436.64K,2.57%
12/12/23,2203.49,2225.33,2243.34,2168.18,377.05K,-0.98%
12/11/23,2225.34,2352.26,2355.02,2164.16,678.03K,-5.40%
12/10/23,2352.26,2340.55,2376.57,2324.18,206.78K,0.50%
12/9/23,2340.55,2358.42,2401.34,2332.36,304.64K,-0.76%
12/8/23,2358.42,2355.78,2389.36,2340.88,397.41K,0.11%
12/7/23,2355.80,2233.45,2381.65,2224.61,518.61K,5.48%
12/6/23,2233.45,2293.36,2310.20,2223.15,431.57K,-2.61%
12/5/23,2293.34,2243.30,2302.29,2190.96,561.41K,2.22%
12/4/23,2243.54,2192.79,2272.26,2191.43,601.45K,2.31%
12/3/23,2192.79,2164.79,2215.46,2150.58,279.65K,1.29%
12/2/23,2164.79,2087.21,2179.73,2086.29,344.20K,3.72%
12/1/23,2087.21,2051.59,2109.32,2045.39,402.51K,1.74%
11/30/23,2051.56,2028.99,2054.33,2021.44,252.49K,1.11%
11/29/23,2028.99,2048.47,2071.36,2020.31,269.97K,-0.95%
11/28/23,2048.47,2027.51,2074.79,1996.19,312.94K,1.03%
11/27/23,2027.51,2062.30,2071.13,1987.43,354.28K,-1.70%
11/26/23,2062.64,2082.91,2092.80,2038.28,259.79K,-0.98%
11/25/23,2083.09,2080.63,2089.64,2065.17,154.35K,0.12%
11/24/23,2080.62,2061.92,2129.20,2059.23,460.97K,0.91%
11/23/23,2061.92,2063.05,2088.20,2040.66,264.01K,-0.06%
11/22/23,2063.05,1934.62,2090.01,1930.66,506.35K,6.64%
11/21/23,1934.62,2021.49,2034.51,1932.50,527.41K,-4.30%
11/20/23,2021.49,2011.02,2064.05,1994.89,455.23K,0.52%
11/19/23,2011.01,1961.72,2014.93,1943.63,269.02K,2.51%
11/18/23,1961.72,1960.80,1971.02,1920.13,298.88K,0.05%
11/17/23,1960.80,1961.77,1990.24,1908.24,430.92K,-0.05%
11/16/23,1961.76,2058.93,2089.44,1940.44,585.12K,-4.72%
11/15/23,2058.93,1979.40,2060.95,1967.97,455.57K,4.03%
11/14/23,1979.10,2054.15,2064.51,1943.01,521.22K,-3.66%
11/13/23,2054.18,2044.61,2115.24,2031.01,578.44K,0.47%
11/12/23,2044.61,2053.40,2065.35,2020.76,354.64K,-0.43%
11/11/23,2053.42,2077.72,2089.24,2033.56,405.96K,-1.17%
11/10/23,2077.78,2120.16,2135.91,2068.79,640.31K,-2.00%
11/9/23,2120.16,1888.42,2131.31,1882.91,1.21M,12.22%
11/8/23,1889.29,1885.95,1903.67,1873.47,265.08K,0.18%
11/7/23,1885.97,1900.98,1906.55,1852.05,370.10K,-0.79%
11/6/23,1900.98,1891.81,1913.13,1870.00,359.00K,0.46%
11/5/23,1892.36,1855.72,1911.00,1846.57,418.91K,1.97%
11/4/23,1855.72,1832.31,1868.52,1824.40,190.18K,1.28%
11/3/23,1832.29,1800.28,1834.16,1779.79,337.00K,1.78%
11/2/23,1800.27,1846.60,1873.02,1789.00,398.43K,-2.51%
11/1/23,1846.60,1815.12,1857.00,1783.98,509.01K,1.73%
10/31/23,1815.13,1809.05,1819.43,1783.32,279.11K,0.34%
10/30/23,1809.05,1794.96,1829.47,1778.59,304.47K,0.78%
10/29/23,1794.96,1776.21,1809.98,1764.08,156.39K,1.06%
10/28/23,1776.21,1779.54,1801.12,1772.08,134.10K,-0.19%
10/27/23,1779.54,1803.38,1803.63,1751.77,298.24K,-1.31%
10/26/23,1803.13,1787.00,1864.81,1764.43,471.17K,0.90%
10/25/23,1787.00,1784.88,1814.21,1761.39,389.39K,0.12%
10/24/23,1784.88,1763.79,1853.31,1757.32,750.21K,1.20%
10/23/23,1763.75,1663.35,1791.99,1657.57,672.28K,6.04%
10/22/23,1663.35,1628.94,1667.50,1623.29,246.68K,2.11%
10/21/23,1628.94,1603.89,1642.33,1592.41,188.94K,1.56%
10/20/23,1603.89,1566.78,1629.26,1561.62,343.61K,2.37%
10/19/23,1566.79,1563.43,1573.48,1543.87,238.42K,0.21%
10/18/23,1563.43,1564.99,1583.77,1556.15,199.43K,-0.10%
10/17/23,1564.99,1599.48,1600.49,1553.63,250.22K,-2.16%
10/16/23,1599.48,1557.79,1635.46,1555.13,452.69K,2.69%
10/15/23,1557.66,1554.96,1565.80,1550.05,128.70K,0.17%
10/14/23,1554.96,1552.17,1559.94,1545.32,107.26K,0.18%
10/13/23,1552.17,1539.70,1574.08,1538.07,208.91K,0.81%
10/12/23,1539.70,1566.88,1568.47,1523.78,260.59K,-1.73%
10/11/23,1566.88,1567.62,1578.16,1549.16,279.01K,-0.05%
10/10/23,1567.60,1579.77,1593.73,1552.34,255.41K,-0.77%
10/9/23,1579.74,1632.85,1635.13,1550.10,372.11K,-3.25%
10/8/23,1632.85,1633.58,1641.30,1616.80,159.27K,-0.04%
10/7/23,1633.58,1640.59,1643.25,1630.18,107.55K,-0.73%
10/6/23,1645.62,1611.58,1659.99,1611.58,238.24K,2.11%
10/5/23,1611.58,1646.61,1654.03,1609.54,253.05K,-2.15%
10/4/23,1647.05,1656.88,1657.61,1630.48,243.08K,-0.59%
10/3/23,1656.88,1662.79,1670.45,1644.05,216.11K,-0.36%
10/2/23,1662.79,1732.90,1742.42,1638.04,412.81K,-4.05%
10/1/23,1732.89,1670.92,1741.94,1668.94,245.32K,3.71%
9/30/23,1670.92,1667.71,1693.68,1666.25,147.60K,0.19%
9/29/23,1667.72,1652.89,1686.63,1648.47,273.45K,0.90%
9/28/23,1652.89,1598.53,1667.61,1598.16,354.03K,3.40%
9/27/23,1598.49,1594.05,1633.50,1585.28,307.59K,0.28%
9/26/23,1594.04,1588.62,1597.67,1580.60,141.61K,0.34%
9/25/23,1588.62,1580.55,1596.57,1564.70,191.41K,0.51%
9/24/23,1580.55,1593.89,1600.37,1573.94,144.30K,-0.84%
9/23/23,1593.89,1593.10,1597.96,1587.79,69.31K,0.05%
9/22/23,1593.10,1584.03,1601.79,1578.78,135.12K,0.57%
9/21/23,1584.03,1622.28,1625.31,1569.03,264.25K,-2.36%
9/20/23,1622.28,1643.14,1649.17,1610.14,253.88K,-1.27%
9/19/23,1643.08,1636.88,1659.53,1627.31,201.84K,0.38%
9/18/23,1636.92,1622.63,1668.87,1609.69,302.35K,0.88%
9/17/23,1622.65,1634.41,1635.00,1612.87,127.49K,-0.72%
9/16/23,1634.41,1641.31,1650.04,1631.74,107.11K,-0.42%
9/15/23,1641.31,1626.49,1652.40,1612.25,194.29K,0.91%
9/14/23,1626.49,1607.63,1639.23,1607.08,293.64K,1.17%
9/13/23,1607.63,1592.50,1614.43,1582.03,238.31K,0.95%
9/12/23,1592.50,1551.89,1617.39,1549.71,354.59K,2.62%
9/11/23,1551.89,1617.44,1618.80,1533.95,444.95K,-4.05%
9/10/23,1617.44,1635.56,1635.72,1604.26,220.97K,-1.11%
9/9/23,1635.56,1636.45,1637.21,1630.12,63.97K,-0.05%
9/8/23,1636.45,1648.09,1657.53,1618.39,236.38K,-0.71%
9/7/23,1648.09,1633.18,1658.04,1624.07,243.55K,0.91%
9/6/23,1633.18,1634.46,1667.08,1610.49,240.73K,-0.08%
9/5/23,1634.46,1630.53,1647.67,1610.02,219.79K,0.24%
9/4/23,1630.51,1635.86,1643.31,1618.49,178.25K,-0.33%
9/3/23,1635.85,1637.05,1645.16,1625.61,124.14K,-0.07%
9/2/23,1637.05,1629.00,1644.63,1628.11,109.03K,0.49%
9/1/23,1629.00,1645.82,1654.39,1603.67,319.19K,-1.02%
8/31/23,1645.82,1705.23,1723.95,1634.74,355.27K,-3.48%
8/30/23,1705.22,1729.69,1730.71,1696.99,218.44K,-1.41%
8/29/23,1729.69,1653.22,1742.83,1640.29,528.63K,4.63%
8/28/23,1653.22,1658.34,1660.80,1628.79,229.39K,-0.31%
8/27/23,1658.33,1647.05,1660.11,1646.35,94.20K,0.68%
8/26/23,1647.05,1653.74,1655.58,1644.04,84.34K,-0.40%
8/25/23,1653.74,1661.18,1676.13,1636.77,250.86K,-0.43%
8/24/23,1660.89,1679.93,1683.03,1642.45,246.62K,-1.13%
8/23/23,1679.93,1634.30,1697.63,1629.86,399.71K,2.79%
8/22/23,1634.29,1667.60,1669.22,1588.36,424.51K,-2.00%
8/21/23,1667.60,1685.24,1686.11,1651.77,265.91K,-1.05%
8/20/23,1685.24,1669.68,1692.47,1662.82,205.82K,0.93%
8/19/23,1669.67,1661.27,1693.88,1654.35,243.31K,0.51%
8/18/23,1661.26,1681.51,1698.77,1646.32,572.90K,-1.34%
8/17/23,1683.89,1807.81,1809.81,1560.88,876.70K,-6.85%
8/16/23,1807.81,1828.98,1831.52,1803.31,217.47K,-1.16%
8/15/23,1828.98,1845.51,1847.35,1816.32,196.60K,-0.90%
8/14/23,1845.51,1840.73,1856.48,1835.90,158.11K,0.26%
8/13/23,1840.73,1849.94,1861.50,1835.51,126.51K,-0.50%
8/12/23,1849.94,1848.88,1853.54,1846.13,66.93K,0.06%
8/11/23,1848.88,1852.46,1857.17,1840.65,120.55K,-0.19%
8/10/23,1852.46,1855.36,1865.94,1847.34,134.21K,-0.16%
8/9/23,1855.36,1856.24,1870.48,1846.76,203.58K,-0.05%
8/8/23,1856.24,1829.10,1871.77,1826.40,253.39K,1.48%
8/7/23,1829.11,1830.28,1846.41,1805.30,243.92K,-0.06%
8/6/23,1830.28,1836.48,1838.08,1826.12,100.32K,-0.34%
8/5/23,1836.48,1830.24,1838.62,1827.52,103.08K,0.34%
8/4/23,1830.24,1835.98,1849.13,1819.65,199.60K,-0.31%
8/3/23,1835.98,1839.76,1858.62,1828.34,182.56K,-0.23%
8/2/23,1840.21,1874.21,1879.32,1822.94,272.70K,-1.81%
8/1/23,1874.21,1856.17,1875.00,1818.06,386.29K,0.97%
7/31/23,1856.17,1861.81,1876.03,1851.42,177.97K,-0.30%
7/30/23,1861.81,1880.55,1884.33,1851.63,167.77K,-1.00%
7/29/23,1880.55,1874.23,1886.26,1869.74,79.76K,0.34%
7/28/23,1874.23,1861.32,1882.23,1856.90,148.92K,0.69%
7/27/23,1861.32,1872.00,1885.87,1855.40,176.21K,-0.57%
7/26/23,1872.00,1857.67,1886.92,1849.43,286.61K,0.77%
7/25/23,1857.67,1850.05,1867.36,1845.68,161.06K,0.41%
7/24/23,1850.04,1888.85,1890.78,1835.14,297.13K,-2.05%
7/23/23,1888.85,1866.26,1903.95,1858.12,164.31K,1.21%
7/22/23,1866.25,1891.75,1897.03,1854.09,143.13K,-1.35%
7/21/23,1891.75,1891.68,1905.57,1884.95,176.39K,0.03%
7/20/23,1891.23,1888.64,1928.36,1879.39,321.92K,0.14%
7/19/23,1888.65,1897.58,1920.48,1882.18,244.92K,-0.47%
7/18/23,1897.58,1911.24,1917.21,1877.52,233.00K,-0.71%
7/17/23,1911.24,1922.45,1935.99,1876.00,293.54K,-0.58%
7/16/23,1922.45,1931.43,1942.55,1918.01,158.59K,-0.46%
7/15/23,1931.42,1938.05,1946.10,1926.83,145.89K,-0.34%
7/14/23,1938.05,2004.77,2025.56,1900.22,530.86K,-3.33%
7/13/23,2004.77,1871.86,2010.75,1863.22,588.53K,7.10%
7/12/23,1871.86,1878.33,1901.45,1865.11,280.91K,-0.34%
7/11/23,1878.33,1880.42,1889.83,1863.93,191.47K,-0.11%
7/10/23,1880.42,1862.91,1903.82,1846.71,264.83K,0.94%
7/9/23,1862.91,1865.28,1878.22,1856.97,145.47K,-0.13%
7/8/23,1865.28,1870.92,1873.16,1843.82,136.69K,-0.30%
7/7/23,1870.92,1848.29,1877.51,1827.35,249.82K,1.22%
7/6/23,1848.36,1910.43,1957.58,1847.01,483.00K,-3.25%
7/5/23,1910.43,1936.21,1942.15,1896.43,284.34K,-1.33%
7/4/23,1936.19,1955.56,1966.03,1931.64,226.10K,-0.99%
7/3/23,1955.56,1937.57,1974.61,1934.51,346.33K,0.93%
7/2/23,1937.57,1924.53,1958.36,1893.68,283.61K,0.68%
7/1/23,1924.53,1933.80,1943.20,1909.92,189.41K,-0.48%
6/30/23,1933.80,1851.92,1943.65,1837.49,765.42K,4.42%
6/29/23,1851.92,1827.95,1878.86,1827.95,256.22K,1.31%
6/28/23,1827.95,1889.51,1890.11,1821.94,356.71K,-3.26%
6/27/23,1889.51,1859.00,1911.73,1856.19,386.05K,1.64%
6/26/23,1859.00,1898.80,1906.07,1840.63,479.76K,-2.10%
6/25/23,1898.80,1875.00,1929.61,1869.28,356.99K,1.27%
6/24/23,1875.00,1891.98,1904.04,1865.77,239.37K,-0.90%
6/23/23,1891.97,1872.29,1932.23,1864.60,428.03K,1.05%
6/22/23,1872.32,1889.87,1931.60,1866.66,438.75K,-0.93%
6/21/23,1889.87,1791.64,1899.11,1787.59,653.63K,5.48%
6/20/23,1791.61,1737.06,1793.35,1715.20,359.77K,3.14%
6/19/23,1737.06,1720.98,1748.05,1706.40,263.64K,0.93%
6/18/23,1720.98,1727.79,1746.40,1715.90,167.46K,-0.39%
6/17/23,1727.79,1717.92,1764.06,1714.30,227.93K,0.57%
6/16/23,1717.92,1666.96,1728.35,1653.68,333.35K,3.06%
6/15/23,1666.96,1650.96,1678.94,1632.50,397.40K,0.97%
6/14/23,1650.96,1739.60,1749.90,1636.49,451.13K,-5.10%
6/13/23,1739.60,1742.60,1763.15,1727.64,303.23K,-0.17%
6/12/23,1742.60,1752.80,1757.79,1722.92,320.47K,-0.58%
6/11/23,1752.80,1751.56,1775.87,1740.02,232.04K,0.07%
6/10/23,1751.56,1840.41,1844.23,1719.16,696.59K,-4.83%
6/9/23,1840.41,1845.68,1854.72,1828.66,215.71K,-0.29%
6/8/23,1845.68,1832.10,1860.53,1829.38,202.78K,0.74%
6/7/23,1832.10,1884.63,1893.73,1823.42,454.83K,-2.76%
6/6/23,1884.17,1811.19,1895.79,1800.75,518.57K,4.03%
6/5/23,1811.20,1890.00,1890.53,1782.82,588.61K,-4.17%
6/4/23,1890.04,1892.05,1914.12,1884.54,183.07K,-0.11%
6/3/23,1892.05,1907.10,1907.90,1884.17,157.10K,-0.79%
6/2/23,1907.10,1861.77,1910.01,1847.84,329.16K,2.43%
6/1/23,1861.77,1873.62,1888.07,1846.23,286.98K,-0.63%
5/31/23,1873.63,1900.59,1906.21,1852.00,337.87K,-1.42%
5/30/23,1900.59,1892.61,1915.91,1882.97,288.67K,0.42%
5/29/23,1892.61,1908.37,1925.74,1878.33,338.07K,-0.83%
5/28/23,1908.35,1829.91,1914.92,1824.70,401.09K,4.29%
5/27/23,1829.91,1827.80,1835.94,1817.35,147.46K,0.12%
5/26/23,1827.80,1805.62,1837.39,1798.10,290.89K,1.22%
5/25/23,1805.69,1799.91,1817.05,1764.92,370.60K,0.32%
5/24/23,1799.91,1854.08,1854.08,1781.70,441.64K,-2.92%
5/23/23,1854.08,1817.19,1868.89,1815.41,428.05K,2.03%
5/22/23,1817.19,1804.89,1827.38,1792.35,250.27K,0.68%
5/21/23,1804.89,1819.66,1827.47,1799.03,170.05K,-0.81%
5/20/23,1819.68,1812.32,1828.06,1807.08,134.46K,0.41%
5/19/23,1812.32,1800.95,1829.33,1796.99,253.50K,0.63%
5/18/23,1800.99,1822.12,1831.51,1774.77,311.24K,-1.14%
5/17/23,1821.73,1823.98,1834.44,1785.78,376.26K,-0.12%
5/16/23,1823.98,1817.11,1830.01,1797.60,325.77K,0.38%
5/15/23,1817.11,1799.36,1845.27,1786.61,405.84K,0.99%
5/14/23,1799.36,1795.11,1822.93,1791.86,229.74K,0.25%
5/13/23,1794.95,1807.31,1814.55,1786.23,223.65K,-0.68%
5/12/23,1807.31,1794.71,1812.46,1741.48,598.87K,0.70%
5/11/23,1794.71,1840.92,1841.04,1774.30,548.42K,-2.51%
5/10/23,1840.92,1846.56,1886.83,1797.07,685.11K,-0.31%
5/9/23,1846.56,1847.48,1858.57,1832.05,318.79K,-0.05%
5/8/23,1847.48,1871.03,1883.54,1813.63,667.82K,-1.26%
5/7/23,1870.99,1896.48,1931.39,1870.94,441.65K,-1.34%
5/6/23,1896.48,1993.33,2013.10,1868.09,658.63K,-4.86%
5/5/23,1993.33,1877.06,1996.64,1875.66,589.05K,6.19%
5/4/23,1877.06,1904.76,1915.15,1868.18,372.69K,-1.45%
5/3/23,1904.74,1869.74,1915.00,1844.72,489.66K,1.87%
5/2/23,1869.74,1830.75,1878.70,1823.25,391.27K,2.13%
5/1/23,1830.75,1869.05,1885.70,1807.30,475.92K,-2.04%
4/30/23,1868.88,1907.80,1937.86,1868.88,377.71K,-2.04%
4/29/23,1907.80,1890.93,1915.90,1886.27,193.47K,0.88%
4/28/23,1891.14,1908.79,1922.85,1875.03,408.45K,-0.93%
4/27/23,1908.81,1866.05,1937.55,1862.37,771.48K,2.29%
4/26/23,1866.05,1865.95,1963.46,1793.76,958.23K,0.01%
4/25/23,1865.95,1841.88,1877.54,1804.20,491.98K,1.31%
4/24/23,1841.88,1862.04,1889.09,1809.80,480.28K,-1.08%
4/23/23,1862.05,1873.96,1881.92,1839.05,368.77K,-0.63%
4/22/23,1873.95,1848.88,1886.22,1845.73,351.72K,1.30%
4/21/23,1849.81,1942.72,1955.35,1831.47,769.94K,-4.78%
4/20/23,1942.72,1935.97,1977.95,1917.71,665.65K,0.35%
4/19/23,1935.97,2103.36,2104.31,1925.00,855.36K,-7.96%
4/18/23,2103.34,2074.74,2121.27,2056.86,437.10K,1.38%
4/17/23,2074.74,2118.61,2119.18,2062.17,448.14K,-2.10%
4/16/23,2119.29,2090.59,2137.56,2073.26,342.43K,1.37%
4/15/23,2090.59,2099.98,2110.30,2074.33,340.60K,-0.45%
4/14/23,2099.98,2012.12,2127.56,2009.53,957.03K,4.37%
4/13/23,2012.11,1916.59,2018.73,1899.96,721.56K,4.98%
4/12/23,1916.58,1889.86,1930.46,1857.35,669.43K,1.41%
4/11/23,1889.86,1910.35,1935.75,1884.64,428.26K,-1.07%
4/10/23,1910.36,1858.90,1916.53,1847.39,457.41K,2.77%
4/9/23,1858.90,1848.93,1871.87,1825.60,306.40K,0.54%
4/8/23,1848.93,1863.45,1879.11,1847.72,207.67K,-0.78%
4/7/23,1863.46,1872.35,1882.56,1844.43,298.77K,-0.47%
4/6/23,1872.35,1908.95,1908.95,1855.89,420.80K,-1.92%
4/5/23,1908.96,1870.52,1936.10,1864.64,583.84K,2.05%
4/4/23,1870.52,1810.77,1887.33,1802.51,658.37K,3.30%
4/3/23,1810.77,1795.01,1838.71,1764.26,657.58K,0.88%
4/2/23,1795.01,1820.78,1824.32,1775.81,334.84K,-1.42%
4/1/23,1820.78,1821.62,1840.27,1811.67,283.39K,-0.05%
3/31/23,1821.62,1793.59,1845.54,1782.26,579.01K,1.56%
3/30/23,1793.59,1793.16,1828.91,1766.90,607.74K,0.02%
3/29/23,1793.27,1772.64,1825.01,1772.64,564.93K,1.16%
3/28/23,1772.63,1714.65,1792.38,1702.95,561.33K,3.38%
3/27/23,1714.65,1773.91,1780.06,1691.38,607.00K,-3.35%
3/26/23,1774.06,1742.32,1796.77,1739.39,371.97K,1.82%
3/25/23,1742.34,1749.28,1761.66,1714.43,368.84K,-0.40%
3/24/23,1749.26,1813.62,1818.53,1728.69,602.30K,-3.57%
3/23/23,1814.08,1734.32,1852.48,1729.38,767.73K,4.59%
3/22/23,1734.48,1801.58,1818.47,1711.05,933.24K,-3.83%
3/21/23,1803.54,1732.32,1833.12,1719.55,779.81K,4.11%
3/20/23,1732.31,1780.12,1802.76,1723.90,716.26K,-2.65%
3/19/23,1779.47,1758.70,1838.84,1758.66,574.73K,1.18%
3/18/23,1758.70,1789.38,1833.82,1751.14,763.06K,-1.71%
3/17/23,1789.38,1673.76,1796.74,1663.67,975.13K,6.90%
3/16/23,1673.85,1649.66,1689.09,1634.21,660.14K,1.47%
3/15/23,1649.65,1700.14,1716.56,1614.93,1.02M,-2.97%
3/14/23,1700.15,1673.83,1776.65,1655.74,1.36M,1.57%
3/13/23,1673.93,1580.28,1690.18,1565.83,1.30M,5.93%
3/12/23,1580.24,1472.08,1585.09,1452.33,1.06M,7.42%
3/11/23,1471.15,1426.74,1475.92,1408.58,1.43M,3.11%
3/10/23,1426.75,1437.49,1437.49,1371.47,1.01M,-0.82%
3/9/23,1438.50,1533.04,1545.98,1413.17,764.77K,-6.17%
3/8/23,1533.04,1561.79,1569.70,1531.28,478.44K,-1.84%
3/7/23,1561.78,1565.84,1580.95,1536.31,460.10K,-0.26%
3/6/23,1565.84,1564.36,1581.13,1555.43,322.16K,0.09%
3/5/23,1564.37,1566.73,1587.95,1556.84,313.01K,-0.15%
3/4/23,1566.73,1569.45,1577.02,1550.10,247.02K,-0.14%
3/3/23,1568.89,1647.86,1649.19,1547.61,783.74K,-4.76%
3/2/23,1647.38,1666.09,1677.45,1620.20,440.63K,-1.12%
3/1/23,1666.09,1604.69,1668.55,1595.40,497.12K,3.83%
2/28/23,1604.69,1633.66,1646.33,1598.67,411.49K,-1.77%
2/27/23,1633.66,1641.59,1664.98,1609.82,458.53K,-0.48%
2/26/23,1641.60,1594.66,1648.77,1588.65,326.58K,2.94%
2/25/23,1594.66,1608.24,1608.62,1562.10,309.29K,-0.84%
2/24/23,1608.24,1650.52,1663.82,1579.68,548.07K,-2.56%
2/23/23,1650.52,1643.39,1678.20,1630.94,529.75K,0.43%
2/22/23,1643.39,1659.41,1666.39,1600.79,560.40K,-0.97%
2/21/23,1659.41,1703.29,1716.35,1637.16,554.52K,-2.58%
2/20/23,1703.27,1681.49,1719.10,1651.54,478.59K,1.29%
2/19/23,1681.52,1691.62,1722.28,1670.97,427.00K,-0.60%
2/18/23,1691.62,1693.96,1708.87,1681.17,283.51K,-0.14%
2/17/23,1693.96,1640.66,1720.06,1631.92,617.21K,3.25%
2/16/23,1640.66,1675.43,1738.87,1634.97,894.27K,-2.08%
2/15/23,1675.43,1555.45,1676.94,1542.80,627.07K,7.71%
2/14/23,1555.46,1505.85,1565.20,1494.30,705.28K,3.29%
2/13/23,1505.84,1515.44,1525.56,1464.10,681.85K,-0.63%
2/12/23,1515.44,1538.34,1547.30,1495.05,302.73K,-1.49%
2/11/23,1538.34,1513.12,1542.64,1508.07,306.24K,1.62%
2/10/23,1513.82,1545.35,1554.19,1499.49,523.33K,-2.04%
2/9/23,1545.35,1650.97,1655.96,1530.98,702.21K,-6.40%
2/8/23,1650.99,1671.39,1694.28,1631.15,447.57K,-1.22%
2/7/23,1671.40,1613.72,1676.83,1613.20,481.91K,3.57%
2/6/23,1613.72,1629.44,1657.75,1606.59,401.03K,-0.96%
2/5/23,1629.44,1666.90,1671.88,1612.70,435.14K,-2.25%
2/4/23,1666.90,1663.78,1694.58,1646.11,328.66K,0.19%
2/3/23,1663.79,1641.70,1673.59,1628.73,489.79K,1.34%
2/2/23,1641.71,1642.10,1710.27,1632.39,685.27K,-0.02%
2/1/23,1642.10,1585.27,1647.27,1560.18,505.44K,3.59%
1/31/23,1585.27,1566.50,1602.03,1562.04,368.94K,1.20%
1/30/23,1566.50,1645.97,1647.25,1540.25,630.55K,-4.83%
1/29/23,1645.97,1572.13,1657.19,1566.90,595.67K,4.63%
1/28/23,1573.07,1597.61,1605.96,1561.24,332.62K,-1.54%
1/27/23,1597.60,1602.54,1620.15,1560.21,533.75K,-0.31%
1/26/23,1602.55,1611.20,1629.89,1581.76,552.26K,-0.54%
1/25/23,1611.20,1555.97,1638.97,1523.71,681.59K,3.54%
1/24/23,1556.15,1626.52,1641.17,1539.51,493.47K,-4.33%
1/23/23,1626.53,1627.04,1643.82,1591.90,436.57K,-0.03%
1/22/23,1627.03,1626.66,1662.13,1609.32,456.36K,0.09%
1/21/23,1625.53,1659.96,1678.27,1622.89,523.34K,-2.08%
1/20/23,1659.98,1551.12,1662.26,1543.21,472.15K,6.98%
1/19/23,1551.62,1511.35,1560.70,1510.65,329.04K,2.67%
1/18/23,1511.31,1564.66,1604.74,1505.37,801.71K,-3.41%
1/17/23,1564.67,1576.94,1603.32,1544.45,536.73K,-0.78%
1/16/23,1576.94,1552.69,1598.18,1526.40,617.00K,1.56%
1/15/23,1552.69,1550.05,1564.34,1517.40,411.43K,0.17%
1/14/23,1550.02,1450.86,1576.83,1449.47,1.03M,6.83%
1/13/23,1450.86,1416.08,1463.53,1401.98,552.05K,2.46%
1/12/23,1416.08,1389.84,1435.95,1365.78,960.62K,1.89%
1/11/23,1389.84,1335.14,1392.40,1322.10,509.99K,4.10%
1/10/23,1335.13,1320.51,1344.42,1316.95,487.24K,1.11%
1/9/23,1320.51,1288.39,1344.39,1285.97,629.22K,2.49%
1/8/23,1288.38,1263.91,1289.13,1259.15,231.75K,1.94%
1/7/23,1263.90,1269.14,1270.95,1261.46,141.94K,-0.41%
1/6/23,1269.14,1250.95,1274.85,1240.38,369.54K,1.45%
1/5/23,1250.95,1256.92,1259.08,1242.93,289.49K,-0.47%
1/4/23,1256.92,1214.57,1266.97,1212.91,504.28K,3.49%
1/3/23,1214.57,1213.93,1219.75,1206.83,219.98K,0.05%
1/2/23,1213.93,1200.52,1220.76,1193.77,270.72K,1.12%
1/1/23,1200.52,1195.69,1204.12,1191.67,126.62K,0.41%
12/31/22,1195.67,1200.00,1207.71,1193.16,150.20K,-0.34%
12/30/22,1199.80,1200.84,1202.13,1186.10,285.77K,-0.09%
12/29/22,1200.84,1189.99,1205.34,1187.19,272.59K,0.91%
12/28/22,1189.98,1211.60,1214.32,1184.22,407.45K,-1.78%
12/27/22,1211.60,1228.22,1233.15,1202.02,290.02K,-1.31%
12/26/22,1227.65,1218.69,1230.37,1213.08,177.66K,0.73%
12/25/22,1218.69,1220.46,1223.82,1201.20,256.52K,-0.15%
12/24/22,1220.46,1220.03,1226.20,1214.76,131.51K,0.04%
12/23/22,1220.03,1217.59,1228.46,1212.97,301.17K,0.20%
12/22/22,1217.57,1213.99,1229.47,1185.27,383.63K,0.31%
12/21/22,1213.85,1217.19,1218.69,1205.48,269.18K,-0.28%
12/20/22,1217.20,1167.80,1228.97,1163.57,497.61K,4.23%
12/19/22,1167.80,1182.70,1194.47,1152.54,337.02K,-1.26%
12/18/22,1182.70,1187.19,1196.55,1172.82,272.63K,-0.38%
12/17/22,1187.18,1166.70,1189.21,1162.76,363.23K,1.75%
12/16/22,1166.70,1266.32,1279.27,1156.91,829.23K,-7.87%
12/15/22,1266.32,1307.29,1311.07,1260.89,446.34K,-3.13%
12/14/22,1307.30,1320.76,1348.43,1302.76,614.31K,-1.02%
12/13/22,1320.76,1275.49,1345.07,1255.82,717.71K,3.59%
12/12/22,1275.02,1263.42,1278.37,1241.45,395.62K,0.92%
12/11/22,1263.42,1266.36,1282.86,1258.53,192.46K,-0.25%
12/10/22,1266.62,1262.88,1281.24,1260.05,193.32K,0.30%
12/9/22,1262.86,1280.29,1291.11,1257.00,437.55K,-1.36%
12/8/22,1280.29,1231.04,1289.87,1223.27,447.07K,4.00%
12/7/22,1231.04,1271.24,1275.30,1221.10,422.12K,-3.16%
12/6/22,1271.26,1259.56,1273.92,1243.66,342.16K,0.93%
12/5/22,1259.56,1279.21,1303.92,1248.69,430.54K,-1.58%
12/4/22,1279.74,1240.46,1284.24,1240.14,344.96K,3.17%
12/3/22,1240.46,1295.69,1302.61,1237.81,373.79K,-4.26%
12/2/22,1295.69,1276.05,1295.80,1266.16,393.37K,1.54%
12/1/22,1276.05,1294.40,1295.82,1263.58,453.59K,-1.42%
11/30/22,1294.41,1216.54,1304.97,1213.44,858.51K,6.40%
11/29/22,1216.55,1167.73,1226.35,1159.72,549.93K,4.18%
11/28/22,1167.73,1193.38,1199.06,1151.98,518.17K,-2.15%
11/27/22,1193.38,1205.17,1222.83,1191.09,306.64K,-0.98%
11/26/22,1205.15,1198.12,1229.20,1196.93,413.09K,0.59%
11/25/22,1198.12,1203.77,1204.75,1172.63,426.96K,-0.47%
11/24/22,1203.77,1185.70,1217.38,1180.91,544.83K,1.52%
11/23/22,1185.79,1139.74,1189.17,1128.53,688.96K,4.04%
11/22/22,1139.74,1107.46,1141.58,1077.85,815.18K,2.91%
11/21/22,1107.46,1142.88,1143.96,1081.96,981.81K,-3.10%
11/20/22,1142.88,1217.65,1226.14,1135.57,564.89K,-6.14%
11/19/22,1217.65,1208.92,1231.15,1207.34,225.46K,0.86%
11/18/22,1207.31,1206.99,1225.39,1201.47,388.69K,0.18%
11/17/22,1205.17,1206.16,1227.73,1185.58,567.61K,-0.08%
11/16/22,1206.16,1253.45,1267.62,1188.76,705.31K,-3.77%
11/15/22,1253.45,1242.64,1289.21,1235.39,686.18K,0.87%
11/14/22,1242.64,1221.47,1289.01,1175.42,1.01M,1.73%
11/13/22,1221.47,1256.29,1274.24,1205.61,597.25K,-2.77%
11/12/22,1256.29,1288.71,1291.39,1239.34,602.58K,-2.51%
11/11/22,1288.63,1299.21,1307.16,1203.04,1.45M,-0.81%
11/10/22,1299.15,1100.86,1346.92,1089.01,2.19M,18.01%
11/9/22,1100.84,1335.26,1337.19,1076.29,2.92M,-17.56%
11/8/22,1335.25,1567.54,1576.10,1241.18,2.87M,-14.82%
11/7/22,1567.57,1570.71,1608.06,1547.29,719.30K,-0.21%
11/6/22,1570.86,1626.86,1637.44,1565.79,464.26K,-3.45%
11/5/22,1627.07,1645.03,1664.42,1623.48,404.02K,-1.09%
11/4/22,1645.01,1531.06,1666.17,1528.60,1.07M,7.44%
11/3/22,1531.08,1518.99,1558.75,1515.75,631.90K,0.79%
11/2/22,1519.04,1579.59,1618.82,1503.29,1.14M,-3.84%
11/1/22,1579.64,1572.89,1609.10,1564.69,593.31K,0.43%
10/31/22,1572.89,1590.47,1634.17,1550.72,938.65K,-1.11%
10/30/22,1590.47,1619.67,1638.60,1577.35,542.49K,-1.80%
10/29/22,1619.69,1554.47,1660.13,1548.83,1.05M,4.20%
10/28/22,1554.47,1514.14,1572.66,1489.99,966.35K,2.66%
10/27/22,1514.19,1566.18,1575.90,1508.24,1.02M,-3.32%
10/26/22,1566.16,1459.60,1590.23,1458.61,1.43M,7.30%
10/25/22,1459.60,1343.88,1522.06,1335.38,1.28M,8.61%
10/24/22,1343.88,1364.19,1369.35,1324.25,665.58K,-1.47%
10/23/22,1363.92,1313.64,1370.91,1301.80,473.61K,3.83%
10/22/22,1313.64,1299.76,1318.84,1294.61,244.20K,1.07%
10/21/22,1299.76,1282.87,1306.27,1257.83,525.54K,1.32%
10/20/22,1282.87,1285.33,1310.47,1272.79,483.19K,-0.19%
10/19/22,1285.32,1310.81,1313.46,1282.44,406.74K,-1.94%
10/18/22,1310.81,1331.40,1341.21,1287.58,625.85K,-1.53%
10/17/22,1331.12,1305.95,1338.39,1296.45,498.15K,1.93%
10/16/22,1305.95,1274.93,1314.52,1274.66,333.15K,2.46%
10/15/22,1274.57,1296.74,1301.48,1264.86,321.11K,-1.71%
10/14/22,1296.74,1287.33,1342.01,1284.08,734.03K,0.73%
10/13/22,1287.34,1294.56,1299.74,1196.63,1.09M,-0.56%
10/12/22,1294.57,1279.97,1304.45,1275.77,418.57K,1.14%
10/11/22,1279.97,1290.00,1297.59,1269.35,498.63K,-0.78%
10/10/22,1290.04,1323.17,1337.58,1288.68,451.44K,-2.52%
10/9/22,1323.41,1315.08,1328.55,1308.15,210.50K,0.64%
10/8/22,1315.05,1331.07,1336.69,1304.08,227.70K,-1.20%
10/7/22,1330.99,1352.17,1361.26,1319.17,574.76K,-1.57%
10/6/22,1352.27,1352.07,1383.02,1347.78,680.65K,0.01%
10/5/22,1352.07,1361.51,1364.03,1317.58,564.42K,-0.69%
10/4/22,1361.48,1323.37,1367.30,1318.87,550.05K,2.88%
10/3/22,1323.41,1277.02,1329.16,1266.86,604.19K,3.74%
10/2/22,1275.74,1311.80,1317.41,1272.38,432.45K,-2.75%
10/1/22,1311.80,1328.73,1333.61,1303.22,293.02K,-1.27%
9/30/22,1328.73,1336.05,1372.44,1316.62,866.63K,-0.55%
9/29/22,1336.08,1337.34,1351.61,1289.66,871.66K,-0.10%
9/28/22,1337.37,1328.23,1354.75,1261.29,1.08M,0.69%
9/27/22,1328.23,1337.07,1399.67,1305.49,1.00M,-0.66%
9/26/22,1337.06,1294.24,1339.17,1279.71,1.05M,3.31%
9/25/22,1294.26,1317.01,1335.73,1271.87,579.09K,-1.73%
9/24/22,1317.00,1327.91,1348.91,1307.96,559.42K,-0.83%
9/23/22,1327.96,1326.12,1356.74,1264.91,1.16M,0.11%
9/22/22,1326.44,1247.64,1346.38,1237.96,1.11M,6.31%
9/21/22,1247.74,1323.34,1388.38,1222.29,1.39M,-5.71%
9/20/22,1323.33,1375.96,1384.39,1315.03,765.14K,-3.83%
9/19/22,1376.00,1334.82,1391.50,1284.50,1.11M,3.07%
9/18/22,1335.01,1468.76,1469.21,1327.21,934.28K,-9.11%
9/17/22,1468.79,1434.01,1475.05,1409.65,483.78K,2.43%
9/16/22,1434.01,1472.63,1483.43,1410.90,829.01K,-2.62%
9/15/22,1472.64,1637.89,1653.55,1461.16,1.66M,-10.09%
9/14/22,1637.92,1574.41,1646.09,1556.97,858.28K,4.03%
9/13/22,1574.47,1716.45,1751.50,1562.30,1.30M,-8.27%
9/12/22,1716.42,1766.99,1782.74,1694.08,727.78K,-2.86%
9/11/22,1766.93,1774.38,1786.73,1722.62,467.42K,-0.42%
9/10/22,1774.38,1718.84,1788.10,1707.81,470.19K,3.23%
9/9/22,1718.81,1635.33,1743.47,1631.17,969.87K,5.14%
9/8/22,1634.85,1629.63,1660.56,1595.90,772.84K,0.33%
9/7/22,1629.51,1557.85,1657.05,1493.19,976.59K,4.60%
9/6/22,1557.85,1617.40,1686.23,1556.09,1.18M,-3.66%
9/5/22,1617.07,1578.90,1628.77,1557.66,571.75K,2.42%
9/4/22,1578.89,1557.35,1580.81,1541.16,339.06K,1.37%
9/3/22,1557.55,1575.31,1581.37,1535.98,378.79K,-1.13%
9/2/22,1575.34,1585.55,1647.50,1547.68,1.04M,-0.64%
9/1/22,1585.48,1554.57,1597.48,1514.75,823.90K,1.95%
8/31/22,1555.12,1523.39,1617.09,1523.39,1.07M,2.09%
8/30/22,1523.34,1552.56,1605.30,1475.68,1.14M,-1.88%
8/29/22,1552.60,1426.25,1559.46,1424.33,931.76K,8.86%
8/28/22,1426.25,1490.88,1507.92,1424.69,633.35K,-4.33%
8/27/22,1490.83,1508.32,1518.14,1449.31,866.82K,-1.14%
8/26/22,1508.08,1695.38,1703.32,1490.67,1.34M,-11.05%
8/25/22,1695.37,1656.64,1720.84,1654.77,677.67K,2.34%
8/24/22,1656.64,1665.30,1691.25,1606.06,827.20K,-0.50%
8/23/22,1664.89,1626.70,1672.63,1564.37,1.05M,2.34%
8/22/22,1626.75,1618.21,1627.13,1531.91,1.04M,0.53%
8/21/22,1618.25,1575.61,1644.88,1563.92,852.07K,2.71%
8/20/22,1575.60,1609.01,1654.84,1525.51,1.01M,-2.11%
8/19/22,1609.48,1846.52,1846.97,1607.60,1.59M,-12.84%
8/18/22,1846.51,1834.19,1880.22,1822.04,675.27K,0.67%
8/17/22,1834.18,1876.69,1956.54,1821.00,1.10M,-2.27%
8/16/22,1876.70,1900.08,1914.06,1856.44,725.78K,-1.24%
8/15/22,1900.25,1935.10,2012.02,1873.70,1.09M,-1.80%
8/14/22,1935.10,1983.52,2028.40,1909.19,662.15K,-2.44%
8/13/22,1983.50,1957.62,2018.97,1946.65,798.08K,1.32%
8/12/22,1957.63,1880.30,1961.83,1856.64,834.69K,4.11%
8/11/22,1880.28,1853.50,1931.06,1850.72,1.31M,1.45%
8/10/22,1853.46,1702.80,1881.39,1657.78,1.52M,8.85%
8/9/22,1702.80,1778.15,1789.55,1668.79,960.58K,-4.25%
8/8/22,1778.42,1700.26,1813.45,1694.69,951.02K,4.59%
8/7/22,1700.29,1690.29,1728.97,1669.39,530.48K,0.59%
8/6/22,1690.27,1737.66,1749.33,1687.74,696.11K,-2.73%
8/5/22,1737.71,1607.00,1740.33,1605.71,1.21M,8.14%
8/4/22,1606.94,1618.07,1661.15,1581.18,881.56K,-0.69%
8/3/22,1618.08,1631.46,1682.23,1591.60,906.08K,-0.82%
8/2/22,1631.48,1630.07,1675.51,1560.17,1.25M,0.08%
8/1/22,1630.10,1679.98,1702.81,1607.29,959.53K,-2.97%
7/31/22,1680.00,1695.99,1752.94,1667.41,822.23K,-0.94%
7/30/22,1695.97,1720.80,1741.34,1674.42,891.42K,-1.44%
7/29/22,1720.77,1725.97,1764.74,1658.26,1.44M,-0.30%
7/28/22,1726.01,1635.99,1781.39,1597.67,1.87M,5.50%
7/27/22,1636.01,1449.65,1643.70,1421.17,1.80M,12.77%
7/26/22,1450.70,1438.76,1451.46,1357.70,1.42M,0.85%
7/25/22,1438.52,1598.19,1608.06,1438.50,1.65M,-9.99%
7/24/22,1598.19,1549.61,1659.93,1547.70,1.18M,3.14%
7/23/22,1549.61,1534.85,1596.02,1490.35,1.03M,0.96%
7/22/22,1534.85,1575.68,1644.99,1520.36,1.43M,-2.59%
7/21/22,1575.68,1520.66,1600.35,1465.93,1.55M,3.62%
7/20/22,1520.64,1543.45,1618.43,1488.73,1.65M,-1.48%
7/19/22,1543.50,1584.33,1620.35,1494.88,2.18M,-2.60%
7/18/22,1584.77,1337.92,1590.95,1336.75,2.37M,18.46%
7/17/22,1337.85,1356.00,1385.23,1323.23,1.41M,-1.34%
7/16/22,1356.08,1231.03,1399.16,1192.18,1.77M,10.16%
7/15/22,1231.03,1192.83,1284.76,1182.22,1.74M,3.21%
7/14/22,1192.75,1115.80,1210.17,1072.58,1.86M,6.89%
7/13/22,1115.83,1038.60,1116.51,1012.29,2.48M,7.44%
7/12/22,1038.56,1096.41,1097.75,1035.82,1.49M,-5.28%
7/11/22,1096.43,1167.35,1170.63,1093.28,1.34M,-6.08%
7/10/22,1167.35,1216.94,1219.26,1155.25,1.12M,-4.07%
7/9/22,1216.94,1216.26,1232.69,1205.26,644.47K,0.05%
7/8/22,1216.33,1238.10,1275.69,1194.15,1.45M,-1.76%
7/7/22,1238.15,1186.48,1252.69,1163.85,1.18M,4.36%
7/6/22,1186.45,1133.87,1202.09,1112.02,1.42M,4.63%
7/5/22,1133.90,1151.19,1170.97,1079.36,1.59M,-1.50%
7/4/22,1151.19,1074.07,1159.76,1045.97,1.35M,7.18%
7/3/22,1074.08,1066.60,1086.90,1041.82,755.27K,0.70%
7/2/22,1066.60,1059.05,1077.66,1029.03,865.06K,0.72%
7/1/22,1058.94,1069.13,1110.25,1035.79,1.89M,-0.95%
6/30/22,1069.05,1099.51,1105.88,1000.77,1.71M,-2.77%
6/29/22,1099.51,1143.95,1155.02,1088.10,1.54M,-3.89%
6/28/22,1143.97,1191.02,1234.96,1137.57,1.32M,-3.94%
6/27/22,1190.84,1198.03,1237.14,1176.77,1.07M,-0.60%
6/26/22,1198.03,1241.80,1276.81,1196.20,1.13M,-3.52%
6/25/22,1241.76,1224.96,1255.55,1181.11,1.03M,1.37%
6/24/22,1225.03,1144.33,1244.82,1132.87,1.66M,7.07%
6/23/22,1144.19,1049.02,1152.97,1046.57,1.57M,9.07%
6/22/22,1049.02,1125.96,1127.06,1045.37,1.58M,-6.83%
6/21/22,1125.96,1128.29,1192.27,1110.63,1.60M,-0.21%
6/20/22,1128.32,1128.39,1165.62,1056.58,2.04M,-0.01%
6/19/22,1128.39,995.49,1152.07,938.24,2.42M,13.34%
6/18/22,995.61,1086.47,1096.93,883.35,2.77M,-8.36%
6/17/22,1086.47,1068.49,1116.46,1052.17,1.45M,1.68%
6/16/22,1068.49,1237.92,1254.28,1052.65,1.76M,-13.69%
6/15/22,1237.92,1208.82,1244.80,1016.99,3.73M,2.24%
6/14/22,1210.84,1206.67,1261.39,1078.11,3.27M,0.35%
6/13/22,1206.67,1434.43,1454.07,1168.68,4.39M,-15.94%
6/12/22,1435.46,1531.50,1542.01,1430.93,1.82M,-6.27%
6/11/22,1531.42,1663.04,1681.58,1503.15,1.44M,-7.91%
6/10/22,1663.02,1788.15,1803.54,1657.30,1.13M,-6.99%
6/9/22,1788.06,1792.81,1832.70,1778.00,625.76K,-0.28%
6/8/22,1793.00,1813.05,1837.41,1766.94,1.09M,-1.14%
6/7/22,1813.72,1859.99,1870.99,1727.77,1.64M,-2.49%
6/6/22,1859.99,1806.11,1919.40,1804.77,939.37K,2.95%
6/5/22,1806.71,1804.60,1829.25,1773.65,437.73K,0.13%
6/4/22,1804.37,1775.28,1815.19,1748.89,442.10K,1.64%
6/3/22,1775.29,1834.66,1843.31,1740.83,884.53K,-3.24%
6/2/22,1834.64,1817.98,1851.25,1784.23,975.53K,0.91%
6/1/22,1818.07,1941.81,1971.22,1770.85,1.29M,-6.37%
5/31/22,1941.79,1998.46,2015.02,1928.93,933.24K,-2.84%
5/30/22,1998.46,1813.56,2009.95,1804.33,1.04M,10.20%
5/29/22,1813.56,1792.25,1824.81,1764.72,554.58K,1.16%
5/28/22,1792.68,1724.67,1807.79,1722.88,658.23K,3.97%
5/27/22,1724.30,1793.19,1820.82,1708.62,1.57M,-3.85%
5/26/22,1793.42,1942.89,1964.91,1744.12,1.42M,-7.69%
5/25/22,1942.91,1979.40,2020.64,1937.52,639.93K,-1.84%
5/24/22,1979.35,1973.01,1992.60,1914.48,620.41K,0.33%
5/23/22,1972.93,2043.19,2086.21,1959.57,738.09K,-3.44%
5/22/22,2043.19,1975.12,2055.15,1966.34,425.98K,3.45%
5/21/22,1975.12,1959.79,1989.44,1940.59,292.47K,0.78%
5/20/22,1959.85,2019.36,2061.08,1923.86,699.69K,-2.95%
5/19/22,2019.34,1913.99,2039.71,1903.67,858.97K,5.61%
5/18/22,1912.12,2091.05,2108.84,1909.56,751.82K,-8.56%
5/17/22,2091.14,2023.00,2120.03,2008.84,736.63K,3.37%
5/16/22,2022.93,2145.86,2145.86,1979.93,950.85K,-5.73%
5/15/22,2145.86,2056.33,2161.78,2001.74,589.77K,4.36%
5/14/22,2056.30,2009.55,2068.66,1952.07,656.94K,2.33%
5/13/22,2009.53,1955.59,2146.22,1941.53,1.34M,2.77%
5/12/22,1955.36,2087.17,2190.51,1796.24,2.84M,-6.03%
5/11/22,2080.79,2342.27,2451.33,2007.57,2.70M,-11.16%
5/10/22,2342.30,2229.69,2455.19,2202.02,1.95M,5.08%
5/9/22,2229.10,2519.98,2529.35,2228.90,1.93M,-11.54%
5/8/22,2519.98,2636.03,2641.84,2492.59,925.40K,-4.40%
5/7/22,2636.03,2692.92,2703.11,2589.29,458.05K,-2.11%
5/6/22,2692.88,2747.60,2757.14,2635.85,881.18K,-1.99%
5/5/22,2747.46,2940.70,2952.84,2730.95,899.82K,-6.57%
5/4/22,2940.70,2781.47,2963.54,2773.90,662.07K,5.72%
5/3/22,2781.47,2856.01,2861.42,2757.36,447.80K,-2.61%
5/2/22,2856.01,2825.65,2879.99,2780.08,617.74K,1.07%
5/1/22,2825.80,2727.20,2847.02,2720.57,512.01K,3.62%
4/30/22,2727.18,2817.14,2841.16,2716.31,430.98K,-3.18%
4/29/22,2816.66,2937.01,2946.18,2778.33,629.56K,-4.10%
4/28/22,2937.01,2889.01,2977.78,2856.42,726.03K,1.66%
4/27/22,2888.99,2810.42,2916.39,2795.58,602.24K,2.80%
4/26/22,2810.42,3006.04,3032.70,2768.38,694.46K,-6.51%
4/25/22,3006.04,2922.03,3023.23,2800.21,807.69K,2.88%
4/24/22,2922.03,2931.90,2966.94,2915.66,269.29K,-0.34%
4/23/22,2931.90,2963.00,2977.45,2917.84,227.07K,-1.05%
4/22/22,2963.00,2983.91,3029.14,2937.47,544.89K,-0.70%
4/21/22,2983.95,3076.06,3176.69,2950.97,675.44K,-3.00%
4/20/22,3076.38,3101.79,3161.90,3037.67,512.72K,-0.83%
4/19/22,3102.01,3055.86,3128.86,3030.32,427.14K,1.52%
4/18/22,3055.64,2989.05,3069.07,2887.25,681.76K,2.23%
4/17/22,2989.05,3058.96,3081.14,2983.17,311.54K,-2.29%
4/16/22,3058.96,3042.01,3084.84,3011.47,245.47K,0.56%
4/15/22,3042.01,3021.93,3056.84,2996.62,309.95K,0.66%
4/14/22,3021.93,3117.21,3143.18,2980.84,546.54K,-3.05%
4/13/22,3116.92,3027.64,3128.20,2999.66,563.89K,2.96%
4/12/22,3027.25,2978.45,3082.02,2951.80,790.54K,1.64%
4/11/22,2978.29,3201.99,3213.52,2953.66,876.67K,-6.98%
4/10/22,3201.84,3259.59,3306.14,3198.10,327.86K,-1.76%
4/9/22,3259.35,3193.54,3268.18,3182.10,283.24K,2.05%
4/8/22,3193.93,3228.83,3311.42,3174.14,654.82K,-1.08%
4/7/22,3228.84,3169.58,3268.56,3143.96,569.39K,1.87%
4/6/22,3169.58,3406.83,3406.87,3164.24,950.59K,-6.96%
4/5/22,3406.78,3520.35,3554.54,3400.74,500.27K,-3.23%
4/4/22,3520.41,3521.16,3544.92,3412.01,547.68K,-0.02%
4/3/22,3521.10,3442.34,3579.82,3414.40,473.54K,2.29%
4/2/22,3442.34,3456.18,3529.63,3436.79,629.29K,-0.40%
4/1/22,3456.18,3282.33,3478.74,3215.33,649.92K,5.30%
3/31/22,3282.35,3385.60,3444.43,3263.36,545.44K,-3.05%
3/30/22,3385.64,3401.86,3445.98,3333.50,425.38K,-0.48%
3/29/22,3401.89,3329.67,3481.23,3329.67,570.03K,2.18%
3/28/22,3329.38,3295.73,3428.41,3275.32,628.91K,0.98%
3/27/22,3297.04,3145.95,3297.40,3126.46,402.02K,4.80%
3/26/22,3146.01,3103.43,3150.09,3085.80,244.28K,1.37%
3/25/22,3103.51,3110.80,3192.73,3081.71,583.25K,-0.18%
3/24/22,3109.25,3036.18,3126.37,3005.99,699.58K,2.41%
3/23/22,3036.12,2969.64,3042.28,2925.78,536.63K,2.24%
3/22/22,2969.64,2891.41,3048.32,2887.69,716.47K,2.70%
3/21/22,2891.63,2861.66,2960.42,2830.38,546.61K,1.05%
3/20/22,2861.69,2950.03,2962.19,2819.27,436.11K,-2.99%
3/19/22,2949.92,2939.76,2984.00,2895.30,392.64K,0.35%
3/18/22,2939.76,2812.29,2983.11,2768.65,1.59B,4.53%
3/17/22,2812.29,2773.80,2832.61,2747.06,1.06B,1.38%
3/16/22,2773.94,2617.43,2787.12,2603.80,1.79B,5.98%
3/15/22,2617.43,2589.54,2667.61,2510.75,1.19B,1.09%
3/14/22,2589.30,2516.75,2608.68,2500.12,991.82M,2.88%
3/13/22,2516.75,2569.80,2600.65,2494.59,811.55M,-2.06%
3/12/22,2569.80,2556.96,2612.33,2555.85,567.25M,0.50%
3/11/22,2556.96,2606.50,2670.05,2525.20,1.28B,-1.90%
3/10/22,2606.50,2726.94,2731.37,2559.90,1.46B,-4.42%
3/9/22,2726.94,2577.21,2772.09,2569.13,1.52B,5.81%
3/8/22,2577.21,2492.53,2623.99,2483.29,1.44B,3.40%
3/7/22,2492.53,2549.40,2645.41,2447.74,1.58B,-2.23%
3/6/22,2549.40,2665.42,2673.19,2542.19,881.09M,-4.35%
3/5/22,2665.42,2622.15,2684.50,2592.07,709.87M,1.65%
3/4/22,2622.15,2834.78,2835.94,2575.63,1.50B,-7.50%
3/3/22,2834.91,2947.03,2967.90,2789.87,521.36K,-3.81%
3/2/22,2947.14,2975.80,3041.84,2914.70,740.37K,-0.96%
3/1/22,2975.81,2922.44,3036.59,2858.54,828.62K,1.82%
2/28/22,2922.50,2616.34,2949.44,2574.12,899.19K,11.70%
2/27/22,2616.34,2779.55,2834.61,2562.94,804.74K,-5.78%
2/26/22,2776.96,2767.58,2856.01,2734.56,520.44K,0.34%
2/25/22,2767.53,2596.52,2830.31,2573.39,828.87K,6.59%
2/24/22,2596.52,2578.54,2732.02,2303.07,1.85M,0.71%
2/23/22,2578.15,2637.38,2749.80,2578.15,636.50K,-2.20%
2/22/22,2636.13,2569.19,2663.01,2501.40,841.13K,2.58%
2/21/22,2569.87,2619.32,2755.58,2560.24,996.71K,-1.89%
2/20/22,2619.32,2763.97,2764.46,2577.52,508.49K,-5.23%
2/19/22,2763.81,2779.44,2829.20,2699.70,377.08K,-0.57%
2/18/22,2779.56,2893.78,2943.14,2754.15,623.19K,-3.96%
2/17/22,2894.03,3122.33,3159.83,2855.66,661.98K,-7.21%
2/16/22,3118.90,3182.32,3184.88,3045.92,416.70K,-1.99%
2/15/22,3182.27,2929.29,3193.18,2912.61,540.04K,8.64%
2/14/22,2929.31,2871.06,2963.70,2834.13,477.24K,2.06%
2/13/22,2870.25,2917.16,2952.94,2838.29,303.12K,-1.61%
2/12/22,2917.10,2927.64,2984.72,2858.85,433.29K,-0.36%
2/11/22,2927.63,3071.80,3136.33,2880.60,607.93K,-4.69%
2/10/22,3071.83,3243.73,3277.36,3058.59,742.54K,-5.30%
2/9/22,3243.62,3115.91,3266.41,3055.95,477.82K,4.10%
2/8/22,3115.88,3139.65,3228.86,3029.70,664.45K,-0.77%
2/7/22,3140.18,3056.29,3185.77,2995.59,568.42K,2.75%
2/6/22,3056.20,3013.75,3073.23,2957.16,316.58K,1.41%
2/5/22,3013.81,2994.74,3058.88,2963.11,473.62K,0.63%
2/4/22,2994.99,2692.80,2994.99,2671.72,908.75K,11.22%
2/3/22,2692.80,2680.66,2723.97,2579.80,549.27K,0.44%
2/2/22,2681.00,2787.16,2809.57,2618.07,602.40K,-3.81%
2/1/22,2787.16,2686.82,2808.60,2676.32,521.74K,3.73%
1/31/22,2686.82,2602.71,2704.64,2478.85,601.73K,3.23%
1/30/22,2602.77,2600.12,2636.04,2543.99,381.84K,0.11%
1/29/22,2600.02,2545.95,2632.51,2520.14,484.18K,2.12%
1/28/22,2545.95,2424.66,2556.34,2362.53,634.50K,5.00%
1/27/22,2424.66,2462.25,2515.19,2317.30,774.54K,-1.49%
1/26/22,2461.41,2458.07,2719.32,2405.66,1.05M,0.14%
1/25/22,2458.07,2441.01,2504.32,2352.36,656.03K,0.70%
1/24/22,2441.01,2540.81,2540.81,2161.55,1.56M,-3.93%
1/23/22,2540.81,2412.52,2547.19,2373.85,766.83K,5.32%
1/22/22,2412.52,2570.67,2621.21,2311.80,1.48M,-6.17%
1/21/22,2571.29,3000.21,3032.69,2471.80,1.42M,-14.43%
1/20/22,3004.72,3084.48,3270.71,2989.19,481.08K,-2.56%
1/19/22,3083.65,3160.15,3173.63,3049.30,459.81K,-2.42%
1/18/22,3160.15,3209.43,3242.47,3084.48,399.19K,-1.53%
1/17/22,3209.35,3346.63,3356.45,3142.40,375.28K,-4.10%
1/16/22,3346.59,3326.50,3388.22,3276.44,295.68K,0.57%
1/15/22,3327.74,3307.84,3369.95,3265.41,292.10K,0.60%
1/14/22,3307.90,3241.95,3341.24,3195.65,415.18K,2.16%
1/13/22,3238.03,3370.87,3407.98,3234.97,462.81K,-3.94%
1/12/22,3370.89,3238.22,3406.79,3208.00,530.96K,4.11%
1/11/22,3237.89,3084.64,3262.78,3053.40,505.21K,4.94%
1/10/22,3085.43,3150.27,3179.96,2931.68,804.38K,-2.06%
1/9/22,3150.30,3079.89,3210.34,3060.47,415.87K,2.28%
1/8/22,3080.02,3198.14,3244.46,3001.76,566.06K,-3.61%
1/7/22,3195.31,3407.22,3413.26,3077.30,979.25K,-6.23%
1/6/22,3407.77,3536.15,3550.19,3306.14,701.89K,-3.62%
1/5/22,3535.86,3784.47,3846.44,3418.46,582.71K,-6.69%
1/4/22,3789.52,3764.62,3889.07,3715.24,415.81K,0.67%
1/3/22,3764.24,3830.70,3849.50,3682.48,338.51K,-1.73%
1/2/22,3830.67,3765.67,3851.16,3718.33,242.55K,1.73%
1/1/22,3765.67,3677.69,3775.20,3675.75,239.54K,2.39%
12/31/21,3677.85,3709.38,3812.01,3623.74,405.65K,-0.85%
12/30/21,3709.57,3629.33,3767.93,3589.64,355.72K,2.25%
12/29/21,3627.93,3792.95,3825.97,3607.20,456.03K,-4.32%
12/28/21,3791.69,4036.86,4036.86,3760.86,527.23K,-6.06%
12/27/21,4036.24,4062.02,4125.22,4033.04,313.32K,-0.62%
12/26/21,4061.27,4093.38,4104.23,4005.38,283.58K,-0.78%
12/25/21,4093.14,4043.60,4136.03,4024.87,308.53K,1.23%
12/24/21,4043.39,4110.20,4133.77,4024.24,353.85K,-1.62%
12/23/21,4110.14,3979.57,4149.17,3895.89,573.18K,3.28%
12/22/21,3979.54,4016.25,4072.40,3944.15,426.43K,-0.92%
12/21/21,4016.59,3944.03,4058.76,3915.56,496.71K,1.98%
12/20/21,3938.80,3925.46,3978.66,3757.42,531.11K,0.34%
12/19/21,3925.34,3959.90,4025.36,3890.90,442.49K,-0.87%
12/18/21,3959.83,3878.20,3993.05,3769.91,475.86K,2.10%
12/17/21,3878.29,3957.12,3993.87,3702.33,654.90K,-1.98%
12/16/21,3956.62,4019.57,4108.24,3955.46,512.12K,-1.56%
12/15/21,4019.24,3860.51,4090.15,3649.69,821.22K,4.08%
12/14/21,3861.55,3782.12,3879.43,3690.06,577.61K,2.11%
12/13/21,3781.94,4131.47,4141.27,3673.19,891.67K,-8.47%
12/12/21,4131.78,4078.17,4173.21,3988.29,360.45K,1.38%
12/11/21,4075.66,3903.52,4094.92,3836.92,581.26K,4.41%
12/10/21,3903.48,4107.20,4226.79,3894.03,798.12K,-4.97%
12/9/21,4107.69,4435.74,4482.89,4078.14,642.17K,-7.40%
12/8/21,4435.74,4307.08,4449.69,4229.63,574.33K,2.99%
12/7/21,4307.08,4351.36,4424.20,4259.45,550.78K,-1.06%
12/6/21,4353.31,4194.95,4373.23,3922.65,993.79K,3.78%
12/5/21,4194.80,4118.27,4247.38,4036.00,707.69K,1.73%
12/4/21,4123.46,4219.30,4237.56,3533.02,1.52M,-2.27%
12/3/21,4219.30,4512.90,4646.73,4047.07,942.77K,-6.51%
12/2/21,4512.90,4583.28,4629.75,4437.53,608.07K,-1.54%
12/1/21,4583.28,4628.72,4778.14,4525.33,669.18K,-0.99%
11/30/21,4628.90,4443.22,4749.12,4349.21,973.46K,4.18%
11/29/21,4443.22,4296.98,4456.82,4280.18,532.66K,3.40%
11/28/21,4296.98,4095.16,4297.63,3980.24,487.53K,4.94%
11/27/21,4094.80,4037.06,4183.02,4029.06,370.73K,1.49%
11/26/21,4034.53,4520.30,4548.10,3917.43,1.00M,-10.75%
11/25/21,4520.30,4270.73,4549.74,4248.90,578.65K,5.77%
11/24/21,4273.54,4340.23,4372.83,4172.19,595.96K,-1.54%
11/23/21,4340.23,4086.73,4384.75,4064.17,684.35K,6.20%
11/22/21,4086.95,4268.07,4311.46,4026.75,717.08K,-4.24%
11/21/21,4268.08,4409.02,4422.60,4246.20,446.23K,-3.19%
11/20/21,4408.85,4295.27,4434.27,4206.75,462.99K,2.64%
11/19/21,4295.43,3996.29,4305.41,3978.08,571.96K,7.34%
11/18/21,4001.87,4290.31,4342.74,3958.44,792.38K,-6.74%
11/17/21,4290.88,4208.29,4298.30,4071.01,664.94K,1.97%
11/16/21,4208.16,4562.97,4562.97,4115.31,1.12M,-7.78%
11/15/21,4562.98,4625.71,4769.38,4543.47,495.96K,-1.35%
11/14/21,4625.59,4644.40,4692.76,4514.95,340.96K,-0.41%
11/13/21,4644.61,4665.76,4705.02,4585.37,290.27K,-0.49%
11/12/21,4667.31,4720.50,4807.16,4511.96,634.59K,-1.13%
11/11/21,4720.87,4633.98,4778.17,4578.66,418.61K,1.87%
11/10/21,4634.03,4731.83,4864.06,4498.78,761.90K,-2.07%
11/9/21,4731.83,4808.34,4836.69,4715.43,437.41K,-1.59%
11/8/21,4808.38,4612.05,4822.97,4612.05,673.21K,4.26%
11/7/21,4612.06,4517.27,4634.39,4502.70,337.81K,2.10%
11/6/21,4517.36,4475.00,4526.75,4330.29,442.60K,0.95%
11/5/21,4475.00,4534.96,4569.31,4439.67,409.75K,-1.33%
11/4/21,4535.11,4601.93,4604.83,4421.87,495.86K,-1.46%
11/3/21,4602.21,4586.96,4661.88,4458.87,634.68K,0.35%
11/2/21,4586.06,4320.85,4598.38,4287.36,630.26K,6.14%
11/1/21,4320.85,4287.41,4376.94,4157.51,574.26K,0.78%
10/31/21,4287.56,4322.00,4393.61,4169.48,555.32K,-0.77%
10/30/21,4320.65,4413.70,4428.41,4250.24,494.87K,-2.11%
10/29/21,4413.70,4284.90,4458.30,4268.21,781.57K,3.01%
10/28/21,4284.90,3921.54,4289.80,3896.33,865.80K,9.25%
10/27/21,3921.93,4130.06,4299.61,3914.06,1.07M,-5.03%
10/26/21,4129.51,4219.92,4291.98,4098.19,559.29K,-2.14%
10/25/21,4219.92,4082.68,4234.76,4069.94,481.41K,3.36%
10/24/21,4082.80,4168.80,4184.00,3965.84,507.63K,-2.06%
10/23/21,4168.85,3970.94,4169.33,3938.79,487.03K,4.98%
10/22/21,3970.94,4053.89,4164.11,3896.40,654.77K,-2.05%
10/21/21,4054.16,4160.51,4366.91,4029.48,1.14M,-2.54%
10/20/21,4159.89,3876.76,4168.12,3830.26,752.03K,7.30%
10/19/21,3876.78,3745.46,3884.34,3733.78,488.60K,3.45%
10/18/21,3747.60,3848.64,3892.01,3685.82,578.21K,-2.55%
10/17/21,3845.47,3827.55,3917.56,3664.63,543.52K,0.47%
10/16/21,3827.55,3869.05,3967.43,3804.55,527.61K,-1.02%
10/15/21,3866.90,3790.34,3904.91,3735.21,721.14K,2.02%
10/14/21,3790.41,3607.36,3820.47,3588.24,697.09K,5.08%
10/13/21,3607.28,3491.08,3612.04,3416.00,557.18K,3.36%
10/12/21,3489.90,3541.49,3545.35,3404.49,609.89K,-1.56%
10/11/21,3545.06,3414.93,3622.53,3381.43,683.24K,3.81%
10/10/21,3415.03,3574.52,3599.18,3409.22,767.49K,-4.45%
10/9/21,3574.20,3559.96,3626.11,3541.40,464.11K,0.42%
10/8/21,3559.42,3586.91,3668.35,3537.24,681.74K,-0.74%
10/7/21,3586.00,3575.43,3650.18,3473.47,826.29K,0.30%
10/6/21,3575.41,3515.35,3627.19,3345.56,1.05M,1.65%
10/5/21,3517.26,3383.32,3540.83,3365.28,663.88K,3.97%
10/4/21,3382.90,3417.26,3436.34,3273.22,826.83K,-1.01%
10/3/21,3417.34,3388.83,3485.48,3346.63,642.59K,0.84%
10/2/21,3388.97,3309.14,3467.95,3265.97,778.15K,2.41%
10/1/21,3309.13,2999.86,3329.32,2972.75,1.14M,10.28%
9/30/21,3000.59,2851.06,3047.08,2837.68,968.23K,5.23%
9/29/21,2851.50,2807.15,2948.50,2784.66,728.86K,1.57%
9/28/21,2807.28,2926.04,2969.18,2791.42,896.28K,-4.07%
9/27/21,2926.24,3061.86,3163.86,2926.24,865.30K,-4.48%
9/26/21,3063.51,2922.47,3113.65,2740.12,1.33M,4.82%
9/25/21,2922.55,2928.59,2965.48,2812.70,975.49K,-0.21%
9/24/21,2928.57,3152.92,3158.38,2740.06,1.74M,-7.12%
9/23/21,3152.92,3077.80,3173.00,3035.96,841.54K,2.44%
9/22/21,3077.78,2764.71,3087.97,2740.58,1.19M,11.45%
9/21/21,2761.52,2976.70,3101.88,2659.71,1.79M,-7.21%
9/20/21,2976.05,3328.49,3344.04,2931.64,1.72M,-10.61%
9/19/21,3329.12,3435.92,3455.67,3282.85,614.00K,-3.11%
9/18/21,3435.97,3398.55,3539.50,3371.33,600.19K,1.10%
9/17/21,3398.65,3569.92,3592.20,3352.32,748.10K,-4.78%
9/16/21,3569.43,3612.23,3672.68,3488.53,195.79K,-1.18%
9/15/21,3611.90,3430.36,3612.29,3361.63,790.27K,5.34%
9/14/21,3428.87,3284.65,3428.87,3270.91,720.34K,4.39%
9/13/21,3284.52,3408.17,3429.24,3118.66,1.34M,-3.63%
9/12/21,3408.28,3267.33,3469.50,3231.87,805.97K,4.31%
9/11/21,3267.33,3209.37,3345.37,3202.41,732.95K,1.87%
9/10/21,3207.27,3423.87,3512.90,3156.28,1.21M,-6.32%
9/9/21,3423.51,3498.92,3564.30,3395.94,1.09M,-2.05%
9/8/21,3495.10,3424.35,3557.67,3221.60,780.68K,2.10%
9/7/21,3423.12,3926.84,3945.79,3061.30,2.47M,-12.84%
9/6/21,3927.21,3950.20,3968.20,3867.55,764.56K,-0.59%
9/5/21,3950.62,3885.40,3981.22,3834.74,714.16K,1.69%
9/4/21,3884.97,3938.45,3968.33,3844.07,672.53K,-1.30%
9/3/21,3936.29,3785.85,4024.89,3715.97,1.20M,3.96%
9/2/21,3786.19,3826.90,3833.89,3723.42,928.70K,-1.21%
9/1/21,3832.73,3429.65,3839.91,3384.82,1.48M,11.72%
8/31/21,3430.74,3228.23,3467.42,3191.34,1.52M,6.36%
8/30/21,3225.67,3222.43,3345.72,3145.53,966.58K,0.11%
8/29/21,3222.16,3243.96,3282.21,3155.31,643.73K,-0.67%
8/28/21,3243.90,3273.78,3284.58,3212.24,466.21K,-0.91%
8/27/21,3273.58,3093.78,3279.93,3063.37,839.54K,5.82%
8/26/21,3093.54,3228.03,3249.62,3057.48,118.44K,-4.17%
8/25/21,3228.15,3172.12,3247.43,3080.70,923.13K,1.73%
8/24/21,3173.26,3322.60,3357.99,3150.75,988.82K,-4.41%
8/23/21,3319.49,3238.41,3375.42,3231.96,1.09M,2.49%
8/22/21,3238.70,3224.17,3271.94,3128.98,747.65K,0.46%
8/21/21,3223.96,3285.12,3307.33,3200.19,768.74K,-1.83%
8/20/21,3284.21,3184.83,3300.36,3179.18,739.32K,3.12%
8/19/21,3184.82,3016.92,3185.51,2962.04,844.13K,5.57%
8/18/21,3016.91,3012.62,3124.51,2951.04,750.74K,0.08%
8/17/21,3014.58,3147.67,3290.03,2993.63,1.06M,-4.23%
8/16/21,3147.65,3307.96,3334.22,3138.37,859.09K,-4.87%
8/15/21,3308.87,3264.56,3318.61,3115.34,782.81K,1.35%
8/14/21,3264.69,3322.25,3328.38,3209.45,658.60K,-1.74%
8/13/21,3322.43,3043.20,3324.53,3035.52,795.54K,9.16%
8/12/21,3043.61,3160.17,3236.28,2981.35,965.63K,-3.79%
8/11/21,3163.66,3140.86,3269.70,3122.67,950.12K,0.73%
8/10/21,3140.71,3162.81,3232.02,3057.84,1.12M,-0.70%
8/9/21,3162.93,3011.88,3184.84,2899.24,1.44M,5.01%
8/8/21,3012.07,3158.30,3188.49,2949.66,1.25M,-4.62%
8/7/21,3158.00,2889.58,3169.74,2867.58,64.84K,9.29%